"","x"
"1",NA
"2","Homo sapiens"
"3","Bos taurus"
"4","Canis lupus familiaris"
"5","Mus musculus"
"6","Felis catus"
"7","Ovis aries"
"8","Columba livia"
"9","Glycine max"
"10","Ixodes ovatus"
"11","Dermacentor andersoni"
"12","Seriola dumerili"
"13","Plecoglossus altivelis altivelis"
"14","Homo"
"15","Sus scrofa"
"16","Sorghum bicolor"
"17","Corvus corone"
"18","Sturnus cineraceus"
"19","Acer palmatum"
"20","Penaeus japonicus"
"21","Penaeus chinensis"
"22","Turdus pallidus"
"23","Phalacrocorax carbo hanedae"
"24","Haemaphysalis concinna"
"25","Equus caballus"
"26","Alcedo atthis"
"27","Aves"
"28","Rattus rattus"
"29","Rattus losea"
"30","Bandicota indica"
"31","Rattus sp."
"32","Pica pica"
"33","Rattus norvegicus"
"34","Larus schistisagus"
"35","Corvus macrorhynchos"
"36","dog"
"37","chick"
"38","Plecoglossus altivelis"
"39","Entomortierella parvispora"
"40","Acropora tenuis"
"41","Xenopus laevis"
"42","Tursiops truncatus"
"43","Togo hemipterus"
"44","Sus scrofa domesticus"
"45","Solanum tuberosum"
"46","Reticulitermes speratus"
"47","Rattus exulans"
"48","Oryza sativa"
"49","Callyspongia"
"50","Bathymodiolus japonicus"
"51","Zingiber officinale"
"52","Curcuma aromatica"
"53","Gallus gallus"
"54","Parapriacanthus ransonneti"
"55","Hirundichthys oxycephalus"
"56","Acheilognathus yamatsutae"
"57","Suezichthys gracilis"
"58","Stenella attenuata"
"59","Apostichopus japonicus"
"60","Nereididae"
"61","Rudarius ercodes"
"62","Mugil cephalus"
"63","Sardinops melanostictus"
"64","Hydrangea macrophylla"
"65","Hydrocotyle maritima"
"66","Actinidia deliciosa"
"67","Hynobius hidamontanus"
"68","Brassica rapa"
"69","Brassica rapa subsp. oleifera"
"70","Morus bombycis"
"71","Cyprinus carpio"
"72","Cricetinae"
"73","Cypselurus hiraii"
"74","Camellia sinensis"
"75","Cucumis melo"
"76","Macleaya cordata"
"77","Akebia quinata"
"78","Hynobius lichenatus"
"79","Gymnothorax funebris"
"80","Rattus"
"81","Magallana gigas"
"82","Cucumis sativus"
"83","Amorphophallus konjac"
"84","Solanum melongena"
"85","Raphanus sativus"
"86","Lactuca sativa"
"87","Brassica oleracea"
"88","shrimp"
"89","Aralia elata"
"90","Capsicum annuum"
"91","Vulpes vulpes"
"92","Mastacembelus"
"93","Meles anakuma"
"94","Cervus nippon"
"95","Nyctereutes procyonoides"
"96","Gracilaria"
"97","Homona magnanima"
"98","Penaeus vannamei"
"99","Apis cerana japonica"
"100","Human"
"101","Paguma larvata"
"102","Anguilla japonica"
"103","Anabas testudineus"
"104","Dendrobium"
"105","Haemaphysalis megaspinosa"
"106","Haemaphysalis flava"
"107","Reticulinasus faini"
"108","Vulpes vulpes japonica"
"109","human"
"110","Cow?"
"111","Chroicocephalus ridibundus"
"112","Hollow Fiber"
"113","Food"
"114","Galloanserae"
"115","Homo Sapiens"
"116","Serinus canaria"
"117","Capra hircus"
"118","Ursidae"
"119","Salmo Salar"
"120","Mustela furo"
"121","Chinchilla chinchilla"
"122","Lepus"
"123","Arvicolinae"
"124","Canis lupus"
"125","Leporidae"
"126","Cervidae"
"127","Capreolus capreolus"
"128","Broilers"
"129","Layers"
"130","Cattle"
"131","Sheep/Goat"
"132","Pigs"
"133","Horses/Donkeys"
"134","Arabidopsis thaliana"
"135","Layer"
"136","Cercopithecus diana"
"137","Pan troglodytes"
"138","Calliphoridae"
"139","HUMAN"
"140","Boar"
"141","Goat"
"142","Bovine"
"143","Sheep"
"144","Swine"
"145","Tapirus bairdii"
"146","Dasypus sp."
"147","Basileuterus belli"
"148","Bassariscus astutus"
"149","Didelphis virginiana"
"150","Oryctolagus cuniculus"
"151","Canis latrans"
"152","Habromys sp."
"153","Trichechus manatus"
"154","Procyon lotor"
"155","Odocoeileus virginianus"
"156","Marmosa camescens"
"157","Leptonycteris nivalis"
"158","Nasua narica"
"159","Halichondria sp. BC5"
"160","Urocyon cinereoargenteus"
"161","Canis familiaris"
"162","Peromyscus boylii"
"163","Liomys pictus"
"164","Felis concolor"
"165","Choeronycteris mexicana"
"166","Sigmodon mascotensis"
"167","Peromyscus sp."
"168","Tapirus terrestris"
"169","Philander opossum"
"170","Romerolagus diazi"
"171","Haliclona sp. BC1"
"172","Hymeniacidon sp. BC9"
"173","Tethya aurantium"
"174","Perognathus penicillatus"
"175","Sula nebouxi"
"176","Tayassu tajacu"
"177","Panthera onca"
"178","Dipodomys merriami"
"179","not known"
"180","Sweetcorn"
"181","Raw milk"
"182","Geodia sp. BC8"
"183","Human (female)"
"184","Lutra longicaudis"
"185","Aquila chrysaetus"
"186","Aratinga canicularis"
"187","Nyctomys sp."
"188","Artibeus sp."
"189","Sylvilagus sp."
"190","Atlapetes brunneinucha"
"191","Desmodus rotundus"
"192","Alouatta palliata"
"193","Aratinga ocularis"
"194","Tamandua mexicana"
"195","Henicorhina leucophrys"
"196","Hydrochaeris hydrochaeris"
"197","chicken"
"198","Camponotus vagus"
"199","Baiomys musculus"
"200","Tadarida brasiliensis"
"201","Peromyscus megalops"
"202","Ateles geoffroyi"
"203","Musca domestica"
"204","Phalacrocorax carbo"
"205","Grus virgo"
"206","Milvus migrans"
"207","Aegypius monachus"
"208","Ardea cinerea"
"209","Caprine"
"210","Environment"
"211","West African Dwarf Goat"
"212","Dog"
"213","Sparus aurata"
"214","environmental"
"215","Cow"
"216","Chamaecytisus prolifer"
"217","horse"
"218","Lupinus angustifolius"
"219","infant"
"220","Solanum tuberosum var. Desiree"
"221","cattle"
"222","broiler"
"223","Agricultural soil"
"224","Gossypium hirsutum"
"225","sus"
"226","Retama monosperma"
"227","Trachymyrmex sp."
"228","Equus ferus caballus"
"229","poultry"
"230","pig"
"231","eastern boxelder"
"232","Sus scrofa domestica"
"233","Elymus lanceolatus"
"234","Rosa sp."
"235","Susscrofa domestica"
"236","Exaiptasia sp."
"237","Buffalo"
"238","Agaricus bisporus"
"239","Potato"
"240","Zeugodacus cucurbitae"
"241","patient"
"242","Ixodes ricinus"
"243","Vultur gryphus"
"244","Coffea sp."
"245","Vinca sp."
"246","Bos gaurus"
"247","Deer Unknown"
"248","Capra aegagrus hircus"
"249","mouse"
"250","Turkey"
"251","goat"
"252","sheep"
"253","Urocitellus undulatus"
"254","Marmota sibirica"
"255","Marmota baibacina"
"256","Oreochromis niloticus"
"257","Acartia tonsa"
"258","Olea europaea"
"259","Bison bison"
"260","Chicken"
"261","Suine"
"262","Caenorhabditis elegans"
"263","Eruca vesicaria subsp. sativa"
"264","Pigeon"
"265","Scarlet Tanager"
"266","Snapping Turtle"
"267","Canada Goose"
"268","Sarracenia"
"269","zebrafish"
"270","Elymus elymoides"
"271","Hordeum sp."
"272","Elymus trachycaulus"
"273","Lubomirskia baikalensis"
"274","cotton"
"275","Lama glama"
"276","cat"
"277","Pig9"
"278","Pig8"
"279","Pig41"
"280","Pig39"
"281","Pig4"
"282","Pig30"
"283","Pig19"
"284","Pig14"
"285","Pig12"
"286","Peromyscus leucopus"
"287","cauliflower"
"288","rat"
"289","Drosophila melanogaster"
"290","COW"
"291","DEER"
"292","BADGER"
"293","meat chicken"
"294","Apis mellifera"
"295","Lepidium draba"
"296","Aspalathus linearis"
"297","Guinea pig"
"298","Fungi"
"299","Animal"
"300","Turdus amaurochalinus"
"301","water poultry"
"302","Recurvirostra avosetta"
"303","horsechestnut"
"304","Apterostigma"
"305","Acromyrmex sp."
"306","turkey"
"307","Citrus sinensis"
"308","Coffea arabica"
"309","cow"
"310","Threskiornis spinicollis"
"311","Populus euphratica"
"312","Canis lupus familiarus"
"313","rhizosphere"
"314","Vitis vinifera"
"315","porcine"
"316","equine"
"317","chinchilla"
"318","Leymus cinereus"
"319","Poa secunda"
"320","Elymus bakeri"
"321","Pascopyrum smithii"
"322","white-tailed tropic bird"
"323","Cucurbita maxima"
"324","Neopsylla setosa"
"325","plant"
"326","soil"
"327","Chickens"
"328","Moschus berezovskii"
"329","bovine"
"330","Solanum lycopersicum (tomato)"
"331","Maccullochella peelii"
"332","decaying log"
"333","Chipmunk"
"334","Catbird"
"335","Squirrel"
"336","Beaver"
"337","Psidium sp."
"338","grass"
"339","Owl"
"340","Spermophilus sp."
"341","Anthophora sp."
"342","Crassostrea virginica"
"343","Nil"
"344","rice"
"345","Rat"
"346","Bird"
"347","Odocoileus hemionus"
"348","Cruorifilaria tuberocauda"
"349","Broiler chicken"
"350","Vicugna pacos"
"351","seawater"
"352","Pig10"
"353","Pig6"
"354","Pig5"
"355","Pig40"
"356","Pig35"
"357","Pig34"
"358","Pig33"
"359","Pig31"
"360","Pig29"
"361","Pig26"
"362","Pig22"
"363","Pig21"
"364","Pig16"
"365","Pig1"
"366","Androsace koso-poljanskii"
"367","Tanacetum vulgare"
"368","goose"
"369","duck"
"370","Mirounga leonina"
"371","Arctocephalus gazella"
"372","Eulemur fulvus collaris"
"373","Hamster"
"374","White-faced saki"
"375","Homo sapiens sapiens"
"376","Spermophilus erythrogenys"
"377","Meriones meridianus"
"378","Mouse"
"379","Robin"
"380","Redwing Blackbird"
"381","Starling"
"382","broiler chickens"
"383","Euprymna scolopes"
"384","Ursus americanus"
"385","Vigna radiata (mungbean)"
"386","spacemaster variety cucumber"
"387","Phaseolus vulgaris"
"388","Piperaceae"
"389","mosquito"
"390","Solanum lycopersicum"
"391","Linaria"
"392","Piliocolobus badius"
"393","Papio papio"
"394","Chlorocebus sabaeus"
"395","potato"
"396","Wild cucumber"
"397","Distemonanthus benthamianus"
"398","hedgehog"
"399","Pig7"
"400","Pig42"
"401","Pig38"
"402","Pig37"
"403","Pig36"
"404","Pig32"
"405","Pig28"
"406","Pig27"
"407","Pig25"
"408","Pig24"
"409","Pig23"
"410","Pig3"
"411","Pig20"
"412","Pig18"
"413","Pig17"
"414","Pig15"
"415","Pig13"
"416","Pig11"
"417","Pig2"
"418","golden-headed lion tamarin"
"419","feline"
"420","caprine"
"421","Cajanus cajan (pigeonpea)"
"422","Lab-generated mutant 4"
"423","Lab-generated mutant 2"
"424","Lab-generated mutant 1"
"425","marine sponge"
"426","Pig"
"427","cantaloupe delicious variety"
"428","watermelon crimson sweet variety"
"429","straight eight cucumber"
"430","Diaphorina citri"
"431","Pteropus poliocephalus"
"432","Prunus dulcis"
"433","swine"
"434","fish"
"435","not apllicable"
"436","Olallieberry"
"437","Poplar"
"438","Lobelia"
"439","Alfalfa"
"440","Raspberry"
"441","Euonymus"
"442","Rose"
"443","Yarrow"
"444","Grape"
"445","Beet"
"446","Cherry"
"447","blueberry"
"448","Plum"
"449","Artemisia"
"450","Osteospermum"
"451","Leucanthemum"
"452","Argyranthemum"
"453","Russian Sage"
"454","Lavender"
"455","Aster"
"456","Crabapple"
"457","Euonymous"
"458","apple"
"459","Lilac"
"460","Gaillardia"
"461","tomato"
"462","Walnut"
"463","Impatiens"
"464","Cottonwood"
"465","Chrysanthemum"
"466","Clematis"
"467","peach"
"468","Homo_sapiens"
"469","Tripterygion"
"470","Holstein"
"471","Goeldi's marmoset"
"472","microalga culture"
"473","Porcine"
"474","Avian"
"475","Equine"
"476","Clam"
"477","Mussel"
"478","Domestic Cattle"
"479","Oyster"
"480","Water"
"481","Parrot"
"482","Branta canadensis"
"483","Goose"
"484","Protozoa"
"485","Patient"
"486","Gull"
"487","Finch"
"488","Alexandrium minutum"
"489","Lab-generated mutant 3"
"490","Microbacter"
"491","Dinoflagellate"
"492","Salmo salar"
"493","Lithobates pipiens"
"494","Spheniscus demersus"
"495","Acanthamoeba sp. STE3"
"496","Gallus gallus domesticus"
"497","Holstein Friesians"
"498","Shrimp"
"499","sugarcane"
"500","Melissodes sp."
"501","Chroicocephalus novaehollandiae"
"502","Eudyptula minor"
"503","Zophobas atratus"
"504","Neogale vison"
"505","Microtus arvalis"
"506","Deschampsia antarctica"
"507","Aphis fabae"
"508","Groundnut"
"509","Dipetalonema caudispina"
"510","Anseriformes"
"511","Larus canus"
"512","Ara macao"
"513","Cavia porcellus"
"514","unidentified"
"515","Poephagus grunniens"
"516","Dactylis glomerata"
"517","Koeleria macrantha"
"518","laboratory isolate"
"519","Chimpanzees"
"520","Cotton-top tamarin"
"521","Allium cepa"
"522","Juglans regia"
"523","Acropora cytherea"
"524","Iguana"
"525","bird"
"526","Aphis passeriniana"
"527","Marketmore variety cucumber"
"528","fresh field cucumber"
"529","acorn squash"
"530","Pumpkin"
"531","Bubalus bubalis"
"532","Guinea fowl"
"533","Felis silvestris catus"
"534","Broiler Chiken"
"535","Bos indicus"
"536","Triticum aestivum"
"537","Gypsophila altissima"
"538","Limonium sp."
"539","Lolliguncula brevis"
"540","Hexactinellida"
"541","Callithrix jacchus"
"542","Milk"
"543","Meleagris gallopavo"
"544","Anas platyrhynchos"
"545","Primate"
"546","Larus argentatus"
"547","Pyrrhura molinae"
"548","Kobus ellipsiprymnus"
"549","Odocoileus virginianus"
"550","Chlorocebus aethiops"
"551","Somateria fischeri"
"552","Polysticta stelleri"
"553","Trichechus"
"554","Somateria mollissima"
"555","Macaca mulatta"
"556","Anser"
"557","Okapia johnstoni"
"558","Mustela putorius furo"
"559","Food, Ground Beef"
"560","Mesocricetus auratus"
"561","Cephalophinae"
"562","Otariinae"
"563","animal"
"564","DSM_19829"
"565","DSM_14610"
"566","DSM_18205"
"567","DSM_6597"
"568","DSM_17677"
"569","cantaloupe"
"570","Physalis peruviana"
"571","surface within hospital"
"572","environmental hospital surface"
"573","surface of hospital environment"
"574","hospital communal surface"
"575","Cinachyrella sp."
"576","Pudu"
"577","Chroicocephalus novaehollandiae (Australian Silver Gull chick)"
"578","Stenella coeruleoalba"
"579","Corvus sp."
"580","Chloris chloris"
"581","Broiler"
"582","Tomato"
"583","Trachymyrmex septentrionalis"
"584","marine fish"
"585","squirrel"
"586","parrot"
"587","Horse"
"588","fresh cantaloupe"
"589","butternut squash"
"590","field cucumber"
"591","environmental surface"
"592","communal hospital surface"
"593","Orbicella faveolata"
"594","Vitis rotundifolia"
"595","Lab strain"
"596","Phasianus colchicus"
"597","rockweed"
"598","algae"
"599","Ensete ventricosum"
"600","Caspian Tern"
"601","Crested Tern"
"602","Sooty Oystercatcher"
"603","Pied Oystercatcher"
"604","Double-banded Plover"
"605","Bar-tailed Godwit"
"606","Red-capped Plover"
"607","Mergus octosetaceus"
"608","Aspen"
"609","lilac"
"610","Pentas"
"611","Lantana"
"612","cucumber"
"613","Marguerite Daisy"
"614","Rhododendron"
"615","Sedum"
"616","blackberry"
"617","Dahlia"
"618","willow"
"619","Nanking Cherry"
"620","chestnut"
"621","pear"
"622","Peony"
"623","Felis silvestris"
"624","godwit"
"625","bustard"
"626","Glycine max cv. AC Orford"
"627","Glycine max cv. AC Glengarry"
"628","Raccoon"
"629","Suricata suricatta"
"630","Hawthorn"
"631","Apricot"
"632","E.coli-BW25113"
"633","Cucumber"
"634","Wild Grape"
"635","Soil"
"636","Lettuce"
"637","Birch"
"638","Maple"
"639","Partridge"
"640","Hawk"
"641","Pisum sativum"
"642","Alexandrium minutum (dinoflagellate)"
"643","Duck"
"644","Scallop"
"645","Reptiles"
"646","Alexandrium catenella"
"647","Acanthamoeba"
"648","Quail"
"649","Junco"
"650","Alexandium Catenella"
"651","Pipa parva"
"652","Stomoxys calcitrans"
"653","Pseudomonas"
"654","mulard duck"
"655","Ixodes persulcatus"
"656","Arvicola amphibius"
"657","beef"
"658","Pork"
"659","Not collected"
"660","Clinical material from animal (Phoca vitulina)"
"661","Peanut"
"662","Soy"
"663","Cantaloupe"
"664","Beef"
"665","Spinach"
"666","Sesame"
"667","Almond"
"668","Cocoa"
"669","Oysters"
"670","Eel"
"671","Homo-sapien"
"672","coral"
"673","Bucephala"
"674","Cakile maritima"
"675","Ficus benghalensis"
"676","wheat"
"677","Canine"
"678","Plantain"
"679","Epipremnum aureum"
"680","Ailuropoda melanoleuca"
"681","Antilocapra americana"
"682","Capra aegagrus"
"683","environment"
"684","Delphinus"
"685","Rusa unicolor"
"686","Melopsittacus undulatus"
"687","Anserini"
"688","Crotalus"
"689","Ovis orientalis arkal"
"690","Psittaciformes"
"691","Camelus"
"692","DSM_3353"
"693","DSM_13712"
"694","DSM_2079"
"695","DSM_3319"
"696","DSM_17242"
"697","DSM_22959"
"698","Olea europaea var. europaea"
"699","lab"
"700","Buteo buteo"
"701","Otus scops"
"702","Sturnus vulgaris"
"703","Rhesus Macaque"
"704","Mephitis mephitis"
"705","Phoca vitulina"
"706","DSM_16839"
"707","DSM_7089"
"708","DSM_20701"
"709","DSM_20077"
"710","DSM_1103"
"711","DSM_10702"
"712","DSM_19850"
"713","DSM_20219"
"714","DSM_20088"
"715","Macrotermes natalensis"
"716","Strongylocentrotus droebachiensis"
"717","Colpophyllia natans"
"718","Montastraea cavernosa"
"719","seabass"
"720","Melolontha hippocastani"
"721","banana"
"722","Curlew Sandpiper"
"723","Rockweed"
"724","bromeliads"
"725","Laboratory"
"726","Argyrosomus regius"
"727","Motacilla alba"
"728","date palm"
"729","Aphis gossypii"
"730","Spathodea campanulata (African tulip)"
"731","Crinum asiaticum (spider lily)"
"732","Culex quinquefasciatus"
"733","Medicago sativa"
"734","Isoptera"
"735","Tortoise"
"736","snail"
"737","Syncerus caffer"
"738","Littorina littorea"
"739","Campsiandra laurifolia"
"740","missing"
"741","Body organs"
"742","alfalfa43"
"743","alfalfa36"
"744","alfalfa21"
"745","alfalfa111"
"746","alfalfa110"
"747","alfalfa109"
"748","alfalfa107"
"749","alfalfa106"
"750","alfalfa104"
"751","alfalfa98"
"752","alfalfa91"
"753","alfalfa68"
"754","wild sorghum"
"755","alfalfa9"
"756","alfalfa58"
"757","alfalfa55"
"758","alfalfa54"
"759","alfalfa50"
"760","alfalfa48"
"761","alfalfa7"
"762","alfalfa44"
"763","alfalfa40"
"764","alfalfa32"
"765","alfalfa30"
"766","alfalfa5"
"767","alfalfa4"
"768","Dolichoderus sibiricus"
"769","Sanderling"
"770","Calidris acuminata"
"771","orchids"
"772","ligustrum"
"773","Citrus"
"774","Wastewater"
"775","Clausena excavata"
"776","Callitris preissii"
"777","Morus alba var. atropurpurea"
"778","Falco peregrinus"
"779","Dicentrarchus labrax"
"780","Canus lupus"
"781","The natural"
"782","marine algae"
"783","Lepus europaeus"
"784","Yellow-legged gull"
"785","uranium mine tailings"
"786","Ixodes sp."
"787","Bos taurus coreanae"
"788","Trifolium repens"
"789","Clams"
"790","Ox"
"791","Fish"
"792","Conch"
"793","Oryza sativa L."
"794","Camelid"
"795","Pyrus pyrifolia"
"796","Halichoerus grypus (Grey Seal)"
"797","Hirudo verbana"
"798","salmon"
"799","Pogona vitticeps"
"800","Vervet"
"801","Clinical material from animal (Neovison vison)"
"802","Agamid"
"803","Seaweed"
"804","Crithmum maritimum"
"805","Solanum tuberosum cv Noblesse"
"806","Solanum tuberosum cv Kondor"
"807","insect"
"808","Insect"
"809","Hyacinthus sp."
"810","Hyacint"
"811","Myosotis sp."
"812","Brachypodium distachyon"
"813","Rook"
"814","livestock"
"815","beef cattle"
"816","Solanum lycopersicum cultivar Hawaii 7996"
"817","Gopherus agassizii"
"818","Gopherus morafkai"
"819","Cricetomys ansorgei"
"820","Anolis marmoratus"
"821","Beef cattle"
"822","Turnip"
"823","clivia"
"824","Canis lupus familiaris,"
"825","Zea mays"
"826","Homo sapiens (original source of 1,231,410)"
"827","Corvus brachyrhynchos"
"828","Lolium perenne"
"829","Leontopithecus chrysomelas"
"830","Cynomys"
"831","Microtus guentheri"
"832","Quiscalus lugubris"
"833","Hazelnut"
"834","S. s. domesticus"
"835","H. sapiens"
"836","Red tilapia hybrid"
"837","Red nile tilapia (Oreochromis niloticus)"
"838","Atlantic cod (Gadus morhua)"
"839","tick"
"840","Nile tilapia (Oreochromis niloticus)"
"841","Eothenomys miletus"
"842","Eothenomys cachinus"
"843","Neopsylla specialis specialis"
"844","calf"
"845","anal swab"
"846","Accipiter gentilis"
"847","Clanga pomarina"
"848","Mus musculus subsp. domesticus"
"849","Pear"
"850","Pear tree"
"851","Lutjanus guttatus (Rose snapper)"
"852","Saccharum hybrid cultivar"
"853","Zea mays cv. Sweet Belle"
"854","Dermacentor marginatus"
"855","Drosophila hydei"
"856","Marah sp."
"857","Ixora"
"858","Asian rice"
"859","Alpinia purpurata"
"860","Dicoma anomala"
"861","Spongia officinalis"
"862","Otaria byronia"
"863","yak"
"864","cabbage"
"865","Apple tree"
"866","Poultry meat"
"867","Tragelaphus strepsiceros"
"868","alfalfa59"
"869","alfalfa34"
"870","alfalfa24"
"871","alfalfa23"
"872","alfalfa12"
"873","alfalfa108"
"874","alfalfa99"
"875","alfalfa97"
"876","alfalfa82"
"877","alfalfa81"
"878","alfalfa67"
"879","alfalfa101"
"880","alfalfa11"
"881","Gordonia amarae"
"882","alfalfa13"
"883","alfalfa10"
"884","alfalfa62"
"885","alfalfa61"
"886","alfalfa60"
"887","alfalfa8"
"888","alfalfa53"
"889","alfalfa52"
"890","alfalfa47"
"891","alfalfa46"
"892","alfalfa42"
"893","alfalfa39"
"894","alfalfa38"
"895","alfalfa6"
"896","alfalfa35"
"897","alfalfa33"
"898","alfalfa29"
"899","alfalfa14"
"900","Robinia pseudoacacia"
"901","Pittosporum phillyreoides"
"902","Axis axis"
"903","pomelo"
"904","Calotropis gigantea"
"905","Allium fistulosum L."
"906","Behaviour"
"907","Helconica sp."
"908","Pelargonium capitatum"
"909","Morus sp."
"910","Arachis hypogaea"
"911","Curcuma longa"
"912","Solanum nigrum"
"913","Anthurium andraeanum"
"914","Pelargonium"
"915","Nicotiana tabacum"
"916","Mus musculus infection model"
"917","Xenopsylla conformis"
"918","Meriones unguiculatus"
"919","Chimpanzee"
"920","Non-human primate"
"921","E.coli"
"922","Ciconia ciconia"
"923","Environmental"
"924","Blackbird"
"925","Great tit"
"926","Chaffinch"
"927","Bullfinch"
"928","Goldfinch"
"929","Dunnock"
"930","Siskin"
"931","Pied wagtail"
"932","Blue tit"
"933","Greenfinch"
"934","Oryza sativa (Japonica subspecies)"
"935","Ptyonoprogne rupestris"
"936","Bubo bubo"
"937","Reticulitermes flavipes"
"938","lab strain"
"939","silkworm"
"940","ATCC strain"
"941","canine"
"942","UCC strain"
"943","alfalfa20"
"944","alfalfa1"
"945","alfalfa114"
"946","alfalfa105"
"947","alfalfa102"
"948","alfalfa96"
"949","alfalfa95"
"950","alfalfa94"
"951","alfalfa92"
"952","alfalfa80"
"953","alfalfa79"
"954","alfalfa70"
"955","alfalfa69"
"956","alfalfa63"
"957","alfalfa57"
"958","alfalfa56"
"959","alfalfa51"
"960","alfalfa49"
"961","alfalfa45"
"962","alfalfa41"
"963","alfalfa37"
"964","alfalfa31"
"965","alfalfa28"
"966","alfalfa15"
"967","Ophlitaspongia papilla"
"968","Steinernema carpocapsae"
"969","Solanum tuberosum cv Festien"
"970","Cardamine cordifolia"
"971","Aepyceros melampus"
"972","canis"
"973","Morus alba"
"974","Gopherus polyphemus"
"975","lab-strain"
"976","Cat"
"977","Anastrepha ludens black pupae (BP) Genetic sexing strain Guatemala-10 (aka Family 10)"
"978","Ceratitis capitata Genetic Sexing Strain (GSS) strain Vienna 8 (D53-)/Toliman 99"
"979","Entomopathogenic nematode"
"980","Loxodonta"
"981","penguin"
"982","Microtus ochrogaster"
"983","Acmispon strigosus"
"984","Myotis velifer"
"985","Myotis ciliolabrum"
"986","Lasionycteris noctivagans"
"987","Corynorhinus townsendii"
"988","Myotis thysanodes"
"989","Myotis evotis"
"990","Myotis volans"
"991","Eptesicus fuscus"
"992","mare"
"993","S. agalactiae"
"994","Tissue: Lymph nodes"
"995","River"
"996","Hemitheconyx caudicinctus"
"997","House sparrow"
"998","Tique"
"999","Homme"
"1000","Hardenbergia violacea"
"1001","Medicago sativa subsp. varia (Martyn) Arcang"
"1002","Cabbage"
"1003","Bell pepper"
"1004","Colobus polykomos"
"1005","Anastrepha ludens (wild) field collected strain"
"1006","citrus"
"1007","Periplaneta americana"
"1008","Rhinella marina"
"1009","Pontoporia blainvillei"
"1010","Wild boar"
"1011","Bison"
"1012","Minipig"
"1013","Calf"
"1014","Fallow deer"
"1015","Bos taurus linnaeus"
"1016","boar"
"1017","Malus domestica"
"1018","Calamagrostis sp."
"1019","Agrostis sp."
"1020","Poa annua"
"1021","Fagus sp."
"1022","Festuca rubra"
"1023","Agrostis capillaris"
"1024","Centaurea sp."
"1025","Rice"
"1026","hare (Lepus europaeus)"
"1027","marine ciliate"
"1028","rabbit"
"1029","Three-lined grunt (Parapristipoma trilineatum)"
"1030","Apple"
"1031","homosapiens"
"1032","Nasonia giraulti"
"1033","Sylvilagus"
"1034","Red deer"
"1035","WW outflow Samariterstift"
"1036","U-Bend"
"1037","WWTP inflow"
"1038","African penguin"
"1039","Whistling duck"
"1040","Nasonia vitripennis"
"1041","Nasonia sp. VxG hybrid"
"1042","C. elegans"
"1043","Steinernema carpocapsae nematode"
"1044","Tilapia (Oreochromis sp.)"
"1045","Malawi cichlid (Auloncara maleri)"
"1046","Blue tilapia (Oreochromisaureus)"
"1047","hare"
"1048","Apodemus chevrieri"
"1049","Mosquito"
"1050","Bacillus_clausii"
"1051","Tick - D. marginatus"
"1052","Least weasel Least weasel 1pcs"
"1053","Mustela nivalis Least weasel 1pcs"
"1054","Apodemus uralensis Common field mouse 2 pcs."
"1055","Tick"
"1056","Mus musculus Swiss mice 12 pcs."
"1057","Microtus arvalis field vole"
"1058","Allactaga major Great jerboa"
"1059","Mus musculus Swiss mice - 14 pcs"
"1060","Spermophilus major Musk white-toothed shrew- 10 pcs."
"1061","Oenanthe isabellina Isabelline chat - 3 pcs."
"1062","Cricetulus migratorius Swiss mice - 10 pcs."
"1063","Physalis angulata"
"1064","Casuarina equisetifolia"
"1065","Musa sp."
"1066","Erigeron annuus"
"1067","camel"
"1068","Not Collected"
"1069","Eagle"
"1070","Vulture"
"1071","wild boar"
"1072","Deer"
"1073","Ovine"
"1074","Apple NY-1"
"1075","Bombyx mori"
"1076","legume"
"1077","donkey"
"1078","Vaccinium macrocarpon"
"1079","Callitris preissii (native pine tree)"
"1080","Human skin"
"1081","Beadevolution"
"1082","Planktonicevolution"
"1083","wild bird"
"1084","Paris polyphylla var. yunnanensis"
"1085","Meleagris gallopavo domesticus"
"1086","Skeletonema costatum"
"1087","Agave salmiana"
"1088","Tick - D. dagistanicus"
"1089","Tick - Dermacentor"
"1090","Tick - H. Concina"
"1091","Tick - H. concina"
"1092","Spermophilus pygmaeus little souslik, male 1rogue"
"1093","Solanum lycopersicum L."
"1094","Osprey"
"1095","dandelion"
"1096","Larus michahellis"
"1097","Seriola lalandi"
"1098","Leiosporoceros dussii"
"1099","Pediculus humanus humanus"
"1100","Mink"
"1101","Feed_source"
"1102","Rodent"
"1103","Phyla canescens"
"1104","soybean"
"1105","Tawny owl"
"1106","House martin"
"1107","Hydractinia symbiolongicarpus"
"1108","Oryza sativa (Indica subspecies)"
"1109","Vitis labrusca x Vitis vinifera cultivar Black Queen"
"1110","Vitis labrusca x Vitis vinifera cultivar Golden Muscat"
"1111","Vitis labrusca x Vitis vinifera cultivar Kyoho"
"1112","wheat-root"
"1113","Himalayan blackberry"
"1114","Ficus benjamina"
"1115","Not applicable - Environmental"
"1116","Phaseolus vulgaris cv Marla (bean)"
"1117","Kandelia candel"
"1118","Lolium arundinaceum"
"1119","Trachinotus falcatus"
"1120","sofa"
"1121","Cannabis sativa"
"1122","sponge"
"1123","avian"
"1124","Synosternus cleopatrae"
"1125","Triticum aestivum L."
"1126","Blueberry"
"1127","Phaseolus vulgaris cv. Marla"
"1128","Ruditapes philippinarum"
"1129","Ostrea edulis"
"1130","Eptesicusfuscus"
"1131","moth"
"1132","navel orange"
"1133","e. scolopes"
"1134","Physalis ixocarpa"
"1135","conch"
"1136","Black-footed penguin"
"1137","Citrus limon"
"1138","Schmidtea mediterranea"
"1139","Serpentes"
"1140","Dairy cattle"
"1141","Cheese"
"1142","diatom"
"1143","Sacred ibis"
"1144","Zalophus californianus"
"1145","Wolf"
"1146","'not collected'"
"1147","Drosophila"
"1148","Danthonia californica"
"1149","Elymus repens"
"1150","Camponotus japonicus"
"1151","Betula pendula"
"1152","Amaryllis belladonna"
"1153","Dendroctonus rhizophagus"
"1154","Carpobrotus rossii"
"1155","Marine Sediment"
"1156","rodent"
"1157","Elephas maximus"
"1158","Degraded seaweed"
"1159","Gossypium"
"1160","Anopheles stephensi"
"1161","Canis lupus mixed"
"1162","Canis lupus pekingnese"
"1163","Canis lupus bichon frise"
"1164","lactating dairy cow"
"1165","Laying hen"
"1166","ovine"
"1167","Crocodylus porosus"
"1168","Mirounga angustirostris"
"1169","fly"
"1170","Anolis marmoratus speciosus"
"1171","Sputum"
"1172","Iris germanica"
"1173","B. oleracea var. capitata"
"1174","B. oleracea var. botrytis"
"1175","E. vesicaria ssp. sativa"
"1176","B. oleracea var. alba"
"1177","Nostoc flagelliforme"
"1178","apple6"
"1179","apple4"
"1180","Cos-7 cells"
"1181","Citrus aurantium"
"1182","B. oleracea var. rubra"
"1183","Xanthosoma sagittifolium"
"1184","Wheat"
"1185","Arion vulgaris"
"1186","Erinaceus europaeus"
"1187","Argopecten purpuratus"
"1188","Herd"
"1189","Passer domesticus"
"1190","Buteo jamaicensis"
"1191","Wild-boar"
"1192","CHICKEN"
"1193","Anser caerulescens"
"1194","Minutocellus polymorphus"
"1195","Mediolabrus comicus"
"1196","Thalassiosira rotula"
"1197","Chaetoceros curvisetus"
"1198","Thalassiosira tenera"
"1199","Skeletonema menzelii"
"1200","Trieres chinensis"
"1201","Cephalocereus tetetzo"
"1202","Equus asinus africanus"
"1203","No host"
"1204","deer"
"1205","Sus scrofa scrofa"
"1206","Ipomoea aquatic"
"1207","Haliaeetus leucocephalus"
"1208","Pogostemon cablin (Blanco) Benth."
"1209","Ornithdoros turicatae"
"1210","Ornithodoros parkeri"
"1211","Medicago"
"1212","Porites pukoensis"
"1213","vaccin"
"1214","buffalo"
"1215","Erethizon dorsatum"
"1216","Tick D.daghestanicus"
"1217","Meriones tamariscinus"
"1218","Oscheius tipulae"
"1219","Megascops asio"
"1220","mule"
"1221","Alectorobius rudis"
"1222","Ornithodoros coriaceus"
"1223","ewe"
"1224","Seth Lab strain"
"1225","Poultry"
"1226","Drosophila suzukii"
"1227","Melilotus albus root-nodule"
"1228","Phascolarctos cinereus"
"1229","Gromphadorhina portentosa"
"1230","Anthyllis vulneraria"
"1231","rhizosphere of Helianthus annuus"
"1232","Human host"
"1233","Hare"
"1234","Ginger"
"1235","Merremia gangetica"
"1236","Cenchrus americanus"
"1237","Heliotropium sp."
"1238","Alangium sp."
"1239","Ipomea obscura"
"1240","Mirabilis jalapa"
"1241","Paullinia cupana"
"1242","Corchorus olitorius"
"1243","Passiflora edulis"
"1244","Chondrus ocellatus Holmes"
"1245","Gorilla gorilla"
"1246","Soil and root mix"
"1247","Watusi"
"1248","Lawsonia inermis"
"1249","Ficus religiosa"
"1250","Spermacoce hispida"
"1251","Trichodesma zeylanicum"
"1252","Coriandrum sativum"
"1253","Cyanthillium cinereum"
"1254","Calendula sp."
"1255","feral swine"
"1256","Glycine"
"1257","bean"
"1258","Maize"
"1259","walnut"
"1260","Soil and root mixture"
"1261","Eacles imperialis"
"1262","earthworm"
"1263","Crotalaria ochroleuca"
"1264","Xestospongia sp. SYM12 (sponge)"
"1265","Meloidogyne (root knot nematode)"
"1266","Stemona tuberosa (earthnut)"
"1267","maize"
"1268","Sarracenia minor"
"1269","Banana"
"1270","Soil-root mixture"
"1271","soil-root mixture"
"1272","Human, Homo sapiens"
"1273","Soill-root mixture"
"1274","Empoasca decipiens"
"1275","Canis"
"1276","food"
"1277","Rattus norvegicus domestica"
"1278","Cucurbita pepo"
"1279","Dendrobium heterocarpum"
"1280","Pets"
"1281","Mangifera indica L."
"1282","Alnus incana"
"1283","Phaseolus vulgaris L."
"1284","Panthera tigris"
"1285","Triticum turgidum ssp. durum"
"1286","Steinernema thermophilum"
"1287","Corynebacterium glutamicum"
"1288","Actinidia chinensis"
"1289","Lupus familiaris"
"1290","Medicago truncatula"
"1291","B. oleracea var. gemmifera"
"1292","B. oleracea var. sabauda"
"1293","Solanum tuberosum (cultivar Asterix)"
"1294","In Lab"
"1295","Hibiscus rosa-sinensis"
"1296","Euherdmania"
"1297","Mouthwash solution"
"1298","Filling plant"
"1299","Lates calcarifer"
"1300","Homosapiens"
"1301","allus gallus"
"1302","Ailurus fulgens"
"1303","broiler chicken"
"1304","Vaccinium macrocarpon (Ait.)"
"1305","non-human primate"
"1306","person"
"1307","Eclectus roratus"
"1308","Tenebrio molitor L"
"1309","WB"
"1310","Water (environment)"
"1311","Type strain"
"1312","Salix fragilis L."
"1313","Apodemus sylvaticus"
"1314","Carex sp."
"1315","Rhinolophus capensis"
"1316","Orangutan"
"1317","Lion-tailed Macaque"
"1318","Porqupine"
"1319","Springhaas"
"1320","Monkey"
"1321","Patas monkey"
"1322","Sulawesi Macaque"
"1323","Black Howler Monkey"
"1324","Japanese macaque"
"1325","Amaru Indians"
"1326","Golden pheasant"
"1327","Alectorobius puertoricensis"
"1328","domestic chicken"
"1329","Brassica juncea"
"1330","Domestic Cat"
"1331","Erigeron annuus L. Pers"
"1332","Eublepharis macularius"
"1333","Cardinalis cardinalis"
"1334","Oncorhynchus mykiss"
"1335","entomopathogenic nematode"
"1336","Tobacco"
"1337","Atta cephalotes fungus garden"
"1338","Lab"
"1339","baboon"
"1340","Clerodendrum sp."
"1341","Ipomoea muricata"
"1342","Zea mays L."
"1343","Arabidopsis"
"1344","Ammodendron bifolium"
"1345","Cyclopterus lumpus"
"1346","Agile Gibbon"
"1347","Capy C"
"1348","Francolin"
"1349","Apodemus agrarius"
"1350","Argus Pheasent"
"1351","African spoonbiil"
"1352","Salmo trutta fario"
"1353","citri"
"1354","Apium graveolens"
"1355","zinnia"
"1356","Barley"
"1357","begonia"
"1358","sorghum"
"1359","alfalfa"
"1360","pepper"
"1361","Canis lupus familaris"
"1362","Pantherophis guttatus"
"1363","Protopolybia sp."
"1364","Metapolybia sp."
"1365","pigs"
"1366","Cicer arietinum L."
"1367","Bos taurus (bull)"
"1368","Amata sperbius"
"1369","Any mammals"
"1370","Carex distans"
"1371","Soil root mixture"
"1372","Soil-Root mixture"
"1373","Ostreidae"
"1374","Cotton"
"1375","Laboratory Derived"
"1376","Triticum turgidum subsp. durum"
"1377","Medicago lupulina L."
"1378","Pelargonium sidoides DC"
"1379","Schaalia odontolytica"
"1380","ostrea"
"1381","Suaeda monoica"
"1382","dairy cattle"
"1383","P-trap"
"1384","Cucurbita pepo ssp. texana"
"1385","Triticum turgidum L. subsp. Durum"
"1386","Prunus"
"1387","Eudocimus ruber"
"1388","cowpea"
"1389","Taraxacum kok-saghyz"
"1390","Pyrus communis"
"1391","Cotoneaster sp."
"1392","Crataegus sp."
"1393","Cydonia oblonga"
"1394","Sorbus sp."
"1395","Agama agama"
"1396","Macaca fascicularis"
"1397","Tilapia"
"1398","Cowpea"
"1399","Babylonia areolata"
"1400","Gulf menhaden - skin lesion"
"1401","Anatidae"
"1402","Didelphis"
"1403","Sistrurus catenatus"
"1404","SH20-4A 2-week old broiler chicken raised on reused litter infected with Salmonella enterica serovar Heidelberg"
"1405","SH16-1A 2-week old broiler chicken raised on reused litter infected with Salmonella enterica serovar Heidelberg"
"1406","Vasconcellea cundinamarcensis"
"1407","Tetraselmis suecica"
"1408","Hydroides elegans"
"1409","Daucus carota"
"1410","Petroselinum crispum"
"1411","Spinus pinus"
"1412","Crassostrea gigas"
"1413","vegetable"
"1414","water"
"1415","laboratory strain (not applicable)"
"1416","CGSC#: 7636"
"1417","Branta bernicla"
"1418","Haematopus ostralegus"
"1419","Tadorna tadorna"
"1420","Numenius arquata"
"1421","Larus sp."
"1422","Galus sp."
"1423","Antelope Cervicapra"
"1424","turtle"
"1425","Red Deer"
"1426","Roe Deer"
"1427","Sika Deer"
"1428","Octopus vulgaris"
"1429","Bos taurus taurus"
"1430","Bison bonasus"
"1431","Cynara cardunculus var. scolymus"
"1432","Pelargonium peltatum L. L'Hr."
"1433","Cichorium intybus"
"1434","Ribes sp."
"1435","Solanum linnaeanum"
"1436","wastewater"
"1437","guinea pigs"
"1438","Astragalus pelecinus"
"1439","Beta vulgaris subsp. vulgaris"
"1440","humans"
"1441","Mimosa pudica"
"1442","Cyprinus carpio - liver"
"1443","Cyprinus carpio - kidney"
"1444","Mentha arvensis L."
"1445","Potentilla anserina L."
"1446","ovin"
"1447","Homo sapiens 66"
"1448","Homo sapiens 64"
"1449","Homo sapiens 7"
"1450","Homo sapiens 57"
"1451","Homo sapiens 53"
"1452","Homo sapiens 48"
"1453","Homo sapiens 46"
"1454","Homo sapiens 45"
"1455","Homo sapiens 44"
"1456","Homo sapiens 41"
"1457","Homo sapiens 88"
"1458","Homo sapiens 87"
"1459","Homo sapiens 83"
"1460","Homo sapiens 80"
"1461","Homo sapiens 78"
"1462","Homo sapiens 74"
"1463","Homo sapiens 73"
"1464","Homo sapiens 71"
"1465","Homo sapiens 8"
"1466","Homo sapiens 68"
"1467","Homo sapiens 35"
"1468","Homo sapiens 34"
"1469","Homo sapiens 32"
"1470","Homo sapiens 31"
"1471","Homo sapiens 4"
"1472","Homo sapiens 28"
"1473","Homo sapiens 14"
"1474","Homo sapiens 13"
"1475","Homo sapiens 11"
"1476","Homo sapiens 1"
"1477","Columba sp."
"1478","Coturnix sp."
"1479","Holstein Friesian cross (Bos taurus taurus)"
"1480","Lama glama and Vicugna pacos"
"1481","Ipomoea batatas"
"1482","Raw water"
"1483","Platycercus elegans"
"1484","Trifolium"
"1485","Penaeus monodon"
"1486","Eunicea fusca"
"1487","host"
"1488","Not applicable"
"1489","Danio rerio"
"1490","laboratory"
"1491","river"
"1492","Bolboschoenus planiculmis"
"1493","hyacinth"
"1494","Crassostrea corteziensis"
"1495","bear"
"1496","Suis scrofa"
"1497","Puffer fish"
"1498","Rhizopus microsporus"
"1499","Morone saxatilis"
"1500","cows"
"1501","Dama dama"
"1502","Cervus elaphus"
"1503","Mongolian Gerbil"
"1504","Coragyps atratus"
"1505","Prunus avium"
"1506","Vicia villosa Roth var."
"1507","labhost"
"1508","Flaveria robusta"
"1509","Food, pork"
"1510","Columbidae"
"1511","Chichen meat"
"1512","papaya"
"1513","Plastic"
"1514","Ovis aries (sheep)"
"1515","Xestospongia muta"
"1516","Montipora capitata"
"1517","Psitacine (unknown)"
"1518","Litlle corella"
"1519","Homo sapiens 65"
"1520","Homo sapiens 61"
"1521","Homo sapiens 58"
"1522","Homo sapiens 54"
"1523","Homo sapiens 52"
"1524","Homo sapiens 6"
"1525","Homo sapiens 49"
"1526","Homo sapiens 47"
"1527","Homo sapiens 43"
"1528","Homo sapiens 42"
"1529","Homo sapiens 40"
"1530","Homo sapiens 92"
"1531","Homo sapiens 10"
"1532","Homo sapiens 91"
"1533","Homo sapiens 89"
"1534","Homo sapiens 82"
"1535","Homo sapiens 81"
"1536","Homo sapiens 9"
"1537","Homo sapiens 37"
"1538","Homo sapiens 33"
"1539","Homo sapiens 29"
"1540","Homo sapiens 27"
"1541","Homo sapiens 26"
"1542","Homo sapiens 24"
"1543","Homo sapiens 21"
"1544","Homo sapiens 20"
"1545","Homo sapiens 19"
"1546","Homo sapiens 15"
"1547","Homo sapiens 2"
"1548","Cygnus buccinator"
"1549","Lizard"
"1550","Turtle"
"1551","Snake"
"1552","Dust"
"1553","M. perfoliatum"
"1554","Clove"
"1555","Syzygium sp."
"1556","Chili"
"1557","Solanum dulcamara"
"1558","Strelitzia reginae"
"1559","Heliconia caribaea"
"1560","Mulberry"
"1561","Townsville stylo"
"1562","Comfrey"
"1563","Broad bean"
"1564","Eggplant"
"1565","Raw almond"
"1566","Artemisia sp."
"1567","Aesculus sp."
"1568","Umbelliferae"
"1569","Testudo horsfieldii"
"1570","Domestic dog"
"1571","Phoebe bournei"
"1572","Pampus argenteus"
"1573","Missing"
"1574","radish"
"1575","cassava"
"1576","Anthurium"
"1577","Canis lupus rufus"
"1578","Anopheles gambiae"
"1579","Dairy product"
"1580","house mouse"
"1581","Pyrus sinkiangensis"
"1582","Flaveria trinervia"
"1583","Arachis hypogaea L."
"1584","Dove (unknown)"
"1585","Budgerigar"
"1586","Pea"
"1587","grape"
"1588","almond"
"1589","Coffee"
"1590","Boiga dendrophila"
"1591","SH20-4C 2-week old broiler chicken raised on reused litter infected with Salmonella enterica serovar Heidelberg"
"1592","SH20-0.5C 2-week old broiler chicken raised on reused litter infected with Salmonella enterica serovar Heidelberg"
"1593","SH20-0.5B 2-week old broiler chicken raised on reused litter infected with Salmonella enterica serovar Heidelberg"
"1594","SH20-0.5A 2-week old broiler chicken raised on reused litter infected with Salmonella enterica serovar Heidelberg"
"1595","SH16-1B 2-week old broiler chicken raised on reused litter infected with Salmonella enterica serovar Heidelberg"
"1596","SH-RL1-0.5A 2-week old broiler chicken raised on reused litter infected with Salmonella enterica serovar Heidelberg"
"1597","SH16-0.5B 2-week old broiler chicken raised on reused litter infected with Salmonella enterica serovar Heidelberg"
"1598","Anopheline darlingi"
"1599","Nightshade"
"1600","Common bean"
"1601","Heliconia sp."
"1602","Olive"
"1603","Solanum panduriforme"
"1604","Pelargonium x hortorum"
"1605","Tumeric"
"1606","Calathea sp."
"1607","Marantha leuconeura"
"1608","Valerianella locusta"
"1609","Dracaena sanderiana"
"1610","Fern"
"1611","Varanus macraei"
"1612","Testudo hermanni"
"1613","Eumeces schneideri"
"1614","P-Trap"
"1615","beef cattel"
"1616","Atyopsis moluccensis"
"1617","Pothos"
"1618","Heliconia"
"1619","Hedera helix"
"1620","Rhaphiolepis bibas"
"1621","Euplotes aediculatus"
"1622","Meleagris gallopavo f. domesticus"
"1623","Alnus glutinosa"
"1624","Sesuvium verrucosum"
"1625","Lysiloma divaricatum"
"1626","Inga vera"
"1627","puffer fish"
"1628","Hymeniacidon perlevis"
"1629","Halichondria panicea"
"1630","Betel vine"
"1631","Bathymodiolus marisindicus"
"1632","Prunus persica var. nucipersica"
"1633","Pygoscelis adeliae"
"1634","Typha angustifolia"
"1635","Caprinae"
"1636","Wound"
"1637","Hymenoptera"
"1638","Beta vulgaris"
"1639","Rivers/natural pond"
"1640","Parmotrema tinctorum"
"1641","A. chinesis var. chinesis"
"1642","Cichorium endivia var. crispum"
"1643","Geranium"
"1644","Not provided"
"1645","Arnebia euchroma"
"1646","Rainbow trout"
"1647","Aedes aegypti"
"1648","Anas sp."
"1649","Trifolium dubium"
"1650","Apis sp."
"1651","Boa constrictor"
"1652","Plant"
"1653","Malayopython reticulatus"
"1654","Hippocampus kuda"
"1655","Commercial catfish"
"1656","Lysiloma sp."
"1657","Halichoerus grypus"
"1658","Dictyostelium discoideum"
"1659","Fritillariae Cirrhosae"
"1660","Rupicapra pyrenaica ornata"
"1661","taro"
"1662","Micropterus salmoides"
"1663","Oncorhynchus tshawytscha"
"1664","Spirodela polyrhiza"
"1665","well water"
"1666","Soliva sessilis"
"1667","Fragaria vesca"
"1668","Larus dominicanus"
"1669","Achatina achatina"
"1670","alfalfa22"
"1671","alfalfa3"
"1672","alfalfa2"
"1673","alfalfa113"
"1674","alfalfa112"
"1675","alfalfa103"
"1676","alfalfa100"
"1677","alfalfa83"
"1678","alfalfa72"
"1679","alfalfa71"
"1680","Acaciella sp."
"1681","Sebastes schlegeli"
"1682","Rattus flavipectus"
"1683","Niviventer confucianus"
"1684","unknonwn"
"1685","Aythya fuligula"
"1686","Pachystachys lutea"
"1687","Convolvulus arvensis"
"1688","Physalis minima"
"1689","Euphorbia acalyphoides"
"1690","Blepharis sp."
"1691","Datura metel"
"1692","Carissa carandas"
"1693","Dypsis lutescens"
"1694","Musa acuminata"
"1695","laboratory strain"
"1696","Odontobutis obscura"
"1697","Leucophaeus pipixcan"
"1698","Allium fistulosum"
"1699","Largemouth bass"
"1700","Vaccinium virgatum"
"1701","Quercus rubra"
"1702","Allium cepa (onion)"
"1703","Homosapines"
"1704","Pellaea calomelanos"
"1705","Dioscorea villosa"
"1706","Alisterus scapularis"
"1707","Avena fatua"
"1708","alfalfa19"
"1709","alfalfa84"
"1710","Rattus nitidus"
"1711","Barringtonia racemosa"
"1712","Oryza.sativa L"
"1713","Mus musculus CF-1"
"1714","plains zebra, Equus quagga"
"1715","white stork nestling"
"1716","Broiler Chicken"
"1717","Portulaca oleracea"
"1718","Pelargonium zonale caro"
"1719","Sparrow"
"1720","Nosopsylla laeviceps"
"1721","Scomberomorus niphonius"
"1722","Sciurus vulgaris"
"1723","Cuttlefish"
"1724","Green algae"
"1725","Stichopus ocellatus"
"1726","Penaeus monodon (black tiger shrimp)"
"1727","Odontesthes bonariensis"
"1728","Colobopsis nipponica"
"1729","Sooty shearwater"
"1730","Australian bustard"
"1731","Adelaide Rosella"
"1732","Corvus"
"1733","Pepper"
"1734","False daisy"
"1735","Dahlia sp."
"1736","Pine tree"
"1737","Teak"
"1738","Tilia sp."
"1739","Tellima grandiflora"
"1740","Salix sp."
"1741","Vaccinium"
"1742","Arachis"
"1743","Euplotes woodruffi"
"1744","venous catheters"
"1745","Botryocladia"
"1746","Equus asinus"
"1747","Alectoris chukar"
"1748","Chamaeleonidae"
"1749","Leersia hexandra"
"1750","activated sludge"
"1751","Colinus virginianus"
"1752","Pelargonium zonale"
"1753","Goeppertia orbifolia"
"1754","Goeppertia rufibarba"
"1755","Primula sp."
"1756","homo"
"1757","Rhodotorula mucilaginosa"
"1758","Oncorhynchus kisutch"
"1759","Cyprinus rubrofuscus"
"1760","Olea"
"1761","Prunus cerasifera"
"1762","Quercus"
"1763","Fresh pumpkin seeds"
"1764","Musa x paradisiaca"
"1765","Cucurbita pepo (Zucchini) var. Rosa"
"1766","Cucurbita pepo (Zucchini) var. Eva"
"1767","Pyrus sp."
"1768","Tetranychus truncatus"
"1769","Serpentes sp."
"1770","African Wild dog"
"1771","Equis caballus"
"1772","Spinacia oleracea"
"1773","non-human"
"1774","Flies"
"1775","Pseudoplatystoma corruscans"
"1776","Ictalurus punctatus"
"1777","Solanum lycopersicum cv. Brillante"
"1778","Germ-free C57BL/6 mouse"
"1779","Paralichthys olivaceus"
"1780","Spinus tristis"
"1781","Dustsample"
"1782","Rupicapra rupicapra"
"1783","Bos taurus indicus"
"1784","Frieseomelitta varia"
"1785","Scaptotrigona polysticta"
"1786","Melipona fuliginosa"
"1787","Melipona lateralis"
"1788","Scaptotrigona"
"1789","Chelmon rostratus"
"1790","Equus quagga"
"1791","amphibian"
"1792","Badger"
"1793","Faba bean"
"1794","Fox"
"1795","Molgula citrina"
"1796","Perca flavescens"
"1797","Panurus biarmicus"
"1798","Macrotermes bellicosus"
"1799","Scots pine"
"1800","Broiler goose"
"1801","Breeding goose"
"1802","Ictalurus punctatus x Ictalurus furcatus"
"1803","Sturgeon"
"1804","kiwifruit"
"1805","Sporobolus alterniflorus"
"1806","Geodia barretti"
"1807","Canis lupus labrador retriever"
"1808","turnip"
"1809","apple3"
"1810","apple2"
"1811","Porphyla"
"1812","Ribes nigrum"
"1813","Felis catus domesticus"
"1814","Lampropeltis getula californiae"
"1815","Antrozous pallidus"
"1816","jamiecosley"
"1817","dogs"
"1818","cats"
"1819","Alpaca"
"1820","Superb Starling"
"1821","Fresh pumpkin"
"1822","Cockatoo"
"1823","Cercis occidentalis"
"1824","Bossiaea ensata"
"1825","meat"
"1826","sugar cane"
"1827","Piglet"
"1828","Non-human"
"1829","Klasea latifolia"
"1830","Sambucus racemosa"
"1831","Galaxea fascicularis"
"1832","Nasonia vitripennis x Nasonia giraulti hybrid"
"1833","barley"
"1834","Tilia"
"1835","oak"
"1836","Toxicodendron radicans"
"1837","Oryza officinalis"
"1838","Bacillus subtilis 168 amyE::spc-PhSPANK-comK, comK::Kan-PcomK-gfp"
"1839","Crow"
"1840","Chroicocephalus maculipennis"
"1841","Forcepia sp."
"1842","waste"
"1843","Chromodoris quadricolor"
"1844","Antho dichotoma"
"1845","Chinese cabbage"
"1846","apple5"
"1847","apple1"
"1848","Correlophus ciliatus"
"1849","grape plant"
"1850","Chrysanthemum x morifolium"
"1851","Symbiodiniaceae"
"1852","Callosobruchus maculatus"
"1853","monkey"
"1854","SH16-0.5C 2-week old broiler chicken raised on reused litter infected with Salmonella enterica serovar Heidelberg"
"1855","SH-RL2-4A 2-week old broiler chicken raised on reused litter infected with Salmonella enterica serovar Heidelberg"
"1856","SH-RL2-0.5A 2-week old broiler chicken raised on reused litter infected with Salmonella enterica serovar Heidelberg"
"1857","SH16-0.5A 2-week old broiler chicken raised on reused litter infected with Salmonella enterica serovar Heidelberg"
"1858","Helianthus tuberosus"
"1859","Streptomyces sp. ICN988"
"1860","Anaerobic growth"
"1861","Cacatua sanguinea"
"1862","fig"
"1863","Rattus rattus (sladeni)"
"1864","Oreochromis niloticus (Nile tilapia)"
"1865","Xenopsylla cheopis"
"1866","Acacia saligna"
"1867","healthy pig"
"1868","Syngnathus typhle"
"1869","Zophobas morio"
"1870","Pyxine cocoes"
"1871","Sciurus carolinensis"
"1872","Pteropus livingstonii"
"1873","Eptesicus serotinus"
"1874","mice"
"1875","Allium sativum"
"1876","Pyrus"
"1877","Manihot esculenta"
"1878","Phormium tenax"
"1879","Zinnia elegans"
"1880","Neotoma lepida"
"1881","Human CF"
"1882","Camelus dromedarius"
"1883","lop eared rabbit"
"1884","Guinea Pig"
"1885","Cimex lectularius"
"1886","Myotis blythii"
"1887","Ranoidea caerulea"
"1888","Lemuroidea"
"1889","Melipona interrupta"
"1890","Alpinia galanga"
"1891","Contaminated area"
"1892","Pseudoscops clamator"
"1893","Uliege"
"1894","Melipona seminigra"
"1895","Breeding hen"
"1896","Ocimum tenuiflorum"
"1897","Channel Catfish"
"1898","onion"
"1899","Thuja occidentalis"
"1900","Asian seabass"
"1901","geranium"
"1902","Terfezia claveryi Chatin"
"1903","Canis lupus familliaris"
"1904","Bacillus subtilis BD630"
"1905","Sorghum"
"1906","Trichechus manatus latirostris"
"1907","Pelargonium graveolens"
"1908","Mexican Fruit fly: Anastrepha ludens"
"1909","Xylocopa"
"1910","strawberry"
"1911","Saanen goat"
"1912","Argynnis mormonia"
"1913","Cygnus olor"
"1914","Ornamental hen"
"1915","Connochaetes taurinus"
"1916","Equus caballus caballus"
"1917","mouse/human"
"1918","Brevoortia tyrannus"
"1919","Kummerowia stipulacea"
"1920","Argyrolobium uniflorum"
"1921","Cerastoderma edule"
"1922","Python regius"
"1923","Pantherophis obsoletus"
"1924","Astrochelys radiata"
"1925","Human Disease Ontology 9"
"1926","Human Disease Ontology 7"
"1927","Human Disease Ontology 6"
"1928","Human Disease Ontology 5"
"1929","Human Disease Ontology 26"
"1930","Human Disease Ontology 24"
"1931","Human Disease Ontology 3"
"1932","Human Disease Ontology 20"
"1933","Human Disease Ontology 19"
"1934","Human Disease Ontology 17"
"1935","Human Disease Ontology 14"
"1936","Human Disease Ontology 13"
"1937","Human Disease Ontology 12"
"1938","Battery cage layer hen"
"1939","Broiler hen"
"1940","Sigmodon hispidus"
"1941","HOSP1"
"1942","CF40"
"1943","CON5"
"1944","HOSP2"
"1945","NCF19"
"1946","HOSP3"
"1947","BX506"
"1948","CF335"
"1949","CF333"
"1950","CF70"
"1951","lizard"
"1952","Bacteria"
"1953","Rhodotorula mucilaginosa JGTA-S1"
"1954","human being"
"1955","Not Applicable"
"1956","mangrove plant"
"1957","Suncus murinus"
"1958","Canada goose"
"1959","Gentoo penguin"
"1960","Labeo rohita"
"1961","Sorghum sp."
"1962","Canna x generalis"
"1963","Parthenium hysterophorus"
"1964","Cucurbita pepo (Zucchini)"
"1965","Buffalus bubalis"
"1966","Human (male, 4.5 yrs)"
"1967","Miniopterus schreibersii"
"1968","natural / free-living"
"1969","Greek oregano"
"1970","Cyperus rotundus"
"1971","Allium sativum var. ophioscorodon"
"1972","Amazona aestiva"
"1973","Wild birds"
"1974","Corymbia citriodora"
"1975","Abelmoschus esculentus"
"1976","Asclepias syriaca"
"1977","Human Disease Ontology 4"
"1978","Human Disease Ontology 28"
"1979","Human Disease Ontology 27"
"1980","Human Disease Ontology 23"
"1981","Human Disease Ontology 18"
"1982","Human Disease Ontology 15"
"1983","Human Disease Ontology 2"
"1984","Human Disease Ontology 1"
"1985","Porites lutea"
"1986","Maze"
"1987","Necromys lasiurus"
"1988","Cerradomys subflavus"
"1989","Polygenis"
"1990","Thrichomys"
"1991","Rattus rattus frugivorus"
"1992","Rattus rattus alexandrinus"
"1993","Pulex"
"1994","Pulex irritans"
"1995","Ornithodoros"
"1996","BX507"
"1997","CF505"
"1998","BX504"
"1999","BX502"
"2000","MACH-HUM"
"2001","NON4"
"2002","COPD500"
"2003","CF334"
"2004","Epiponini"
"2005","Phasealus vulgaris"
"2006","Mus musculus strain 2019"
"2007","M. himalayana"
"2008","Tibetan sheep"
"2009","Casuraina cunninghamiana"
"2010","Holstein cow"
"2011","Bison bison athabascae"
"2012","Tea"
"2013","Perca fluviatilis L."
"2014","Chrysanthemum zawadskii"
"2015","pigeon"
"2016","Delphinus delphis"
"2017","Trifolium gracilentum"
"2018","Trifolium bifidum"
"2019","Trifolium microdon"
"2020","Trifolium fucatum"
"2021","Trifolium barbigerum"
"2022","Trifolium willdenovii"
"2023","Oryctolagus cuniculus domesticus"
"2024","gull"
"2025","WATER"
"2026","frog"
"2027","Tussilago farfara"
"2028","Ruditapes sp."
"2029","Pachycrepoideus vindemmiae"
"2030","Human Disease Ontology 10"
"2031","Human Disease Ontology 8"
"2032","Human Disease Ontology 25"
"2033","Human Disease Ontology 22"
"2034","Human Disease Ontology 21"
"2035","Human Disease Ontology 16"
"2036","Human Disease Ontology 11"
"2037","Aythya ferina"
"2038","Meles meles"
"2039","BX503"
"2040","ND501"
"2041","SEQ-TAP-2"
"2042","SEQ-TAP-1"
"2043","NQ-TAP-3"
"2044","NQ-TAP-2"
"2045","NQ-TAP-1"
"2046","CF332"
"2047","Oreochromis sp."
"2048","Acropora hemprichii (hexacoral)"
"2049","Acropora cytherea (hexacoral)"
"2050","Bemisia tabaci Q"
"2051","honeydew"
"2052","Juniperus excelsa M. Bieb."
"2053","Salvelinus fontinalis"
"2054","Cicer arietinum"
"2055","Lepidochyelys olivacea"
"2056","Pelecanus occidentalis"
"2057","Malaclemys terrapin"
"2058","Ixodes scapularis"
"2059","Aedes albopictus"
"2060","Pelargonium peltatum"
"2061","Bos primigenius taurus"
"2062","Chroicocephalus"
"2063","Listia bainesii"
"2064","Casuarina cunninghamiana"
"2065","Solanum tuberosum cv. Romina"
"2066","Iberis sp."
"2067","Chigger"
"2068","Bambara Groundnut Plant Rhizosphere"
"2069","Nomada ferruginata"
"2070","Arctocephalus forsteri"
"2071","Arctocephalus tropicalis"
"2072","Zea mays subsp. mays"
"2073","Murine"
"2074","freshwater"
"2075","Solemya velesiana"
"2076","Lessertia diffusa"
"2077","Medicago ruthenica"
"2078","Bombus bohemicus"
"2079","Bombus pascuorum"
"2080","Lathyrus japonicus"
"2081","Merluccius capensis"
"2082","Bitis arietans"
"2083","Gonocephalus chamaeleontinus"
"2084","Laemanetus serratus"
"2085","Lacerta agilis"
"2086","Basiliscus basiliscus"
"2087","Morelia spilota"
"2088","Bronchoela cristatella"
"2089","Dendroaspis polylepis"
"2090","Crotalus atrox"
"2091","Naja haje"
"2092","Naja siamensis"
"2093","Naja naja"
"2094","Naja kaouthia"
"2095","Naja nigricollis"
"2096","Naja atra"
"2097","Naja nubiae"
"2098","Dendroaspis angusticeps"
"2099","Dendroaspis viridis"
"2100","Dendroaspis jamesoni jamesoni"
"2101","Naja melanoleuca"
"2102","Naja annulifera"
"2103","Echis ocellatus"
"2104","fox"
"2105","Mus musculus strain TNFdeltaARE C57BL/6"
"2106","Penaeus japonicus (Kuruma shrimp)"
"2107","Sapajuas apella"
"2108","Elephant"
"2109","Veronaeopsis simplex Y34"
"2110","Astragalus sp."
"2111","Oxytropis triphylla"
"2112","Pelargonium x hortorum dacapo"
"2113","Justicia subcoriacea"
"2114","Ionidium sp."
"2115","Xestosponiga sp. QYP07 (sponge)"
"2116","canola"
"2117","Soil (polluted)"
"2118","Marmota"
"2119","Dasyprocta leporina"
"2120","Coendou prehensilis"
"2121","Mandrill"
"2122","Cape teal"
"2123","Gorilla"
"2124","Actinidia arguta"
"2125","Buzzard"
"2126","Helix pomatia"
"2127","Parabuteo unicinctus"
"2128","Oxytropis sp."
"2129","Aglaonema sp."
"2130","Homo sapiens 67"
"2131","Homo sapiens 63"
"2132","Homo sapiens 62"
"2133","Homo sapiens 60"
"2134","Homo sapiens 59"
"2135","Homo sapiens 56"
"2136","Homo sapiens 55"
"2137","Homo sapiens 51"
"2138","Homo sapiens 50"
"2139","Homo sapiens 5"
"2140","Homo sapiens 39"
"2141","Homo sapiens 90"
"2142","Homo sapiens 85"
"2143","Homo sapiens 84"
"2144","Homo sapiens 79"
"2145","Homo sapiens 77"
"2146","Homo sapiens 76"
"2147","Homo sapiens 75"
"2148","Homo sapiens 72"
"2149","Homo sapiens 70"
"2150","Homo sapiens 69"
"2151","Homo sapiens 38"
"2152","Homo sapiens 36"
"2153","Homo sapiens 30"
"2154","Homo sapiens 25"
"2155","Homo sapiens 23"
"2156","Homo sapiens 22"
"2157","Homo sapiens 3"
"2158","Homo sapiens 18"
"2159","Homo sapiens 17"
"2160","Homo sapiens 16"
"2161","Homo sapiens 12"
"2162","Callyspongia diffusa"
"2163","Columbidae sp."
"2164","Equus ferus caballus (Thoroughbred)"
"2165","mangrove"
"2166","Xenopsylla"
"2167","Oligoryzomys nigripes"
"2168","Galea spixii wellsi"
"2169","Calomys callosus"
"2170","Anaxyrus boreas"
"2171","Rhinoceros unicornis"
"2172","Pteris vittata"
"2173","Calliactis tricolor"
"2174","Prunus persica"
"2175","Aythya nyroca"
"2176","Bucephala clangula"
"2177","Coregonus clupeaformis"
"2178","Diodon holocanthus"
"2179","Camelidae"
"2180","Acropora humilis (hexacoral)"
"2181","Holochilus sciureus"
"2182","Culture collection"
"2183","Symbiodinium-associated bacteria"
"2184","Gallus gallus Cobb 500, 40 days old"
"2185","Tibetan goat"
"2186","Nycticorax nycticorax"
"2187","Terrepene carolina"
"2188","Nomada panzeri"
"2189","Palythoa"
"2190","Gastrolobium capitatum"
"2191","Coriaria myrtifolia"
"2192","Quercus robur"
"2193","Glycine max L."
"2194","Erysimum cheiri"
"2195","Capsella bursa-pastoris"
"2196","Eruca sp."
"2197","Solemya velum"
"2198","Lotus corniculatus"
"2199","Chelonia mydas"
"2200","Viridiraptor invadens Virl02"
"2201","Ferret"
"2202","Leymus mollis"
"2203","Varanus komodoensis"
"2204","Takydromus sexlineatus"
"2205","Sceloporus cyanogenys"
"2206","Chilabothrus subflavus"
"2207","Bracaena guianensis"
"2208","Heloderma horridum"
"2209","Dendroaspis jamesoni kaimosae"
"2210","Naja nivea"
"2211","Acanthosaura capra"
"2212","Dasia olivacea"
"2213","Bitis gabonica"
"2214","water rat"
"2215","Chicken feather"
"2216","Vaccinium corymbosum"
"2217","FERRET"
"2218","dolphin"
"2219","Rice, Sorghum, Chickpea"
"2220","Medicago truncatula HM 313"
"2221","Medicago orbicularis"
"2222","Red tilapia"
"2223","Bighead Carp"
"2224","Cobia"
"2225","Capra sp."
"2226","Labrus bergylta"
"2227","llama"
"2228","squash"
"2229","watermelon"
"2230","Spartium junceum"
"2231","Vitis rotundifolia cv Carlos"
"2232","ambrosia artenisiifolia"
"2233","Vectobac"
"2234","elk"
"2235","Calliandra parvifolia"
"2236","meat product"
"2237","Stegodyphus dumicola"
"2238","Prunus sp."
"2239","Malus sylvestris"
"2240","CF patient lung (original)"
"2241","woman with abdominal sepsis"
"2242","Siberian red vole"
"2243","BOVINE"
"2244","Lotus sp."
"2245","Leptonychotes weddellii"
"2246","Brassica oleracea var. capitata"
"2247","human 32"
"2248","human 35"
"2249","human 40"
"2250","human 104"
"2251","human 105"
"2252","human 106"
"2253","human 110"
"2254","human 8"
"2255","human 7"
"2256","human 6"
"2257","human 5"
"2258","human 115"
"2259","human 2"
"2260","human 111"
"2261","human 90"
"2262","human 124"
"2263","human 125"
"2264","human 25"
"2265","human 23"
"2266","human 140"
"2267","human 139"
"2268","human 132"
"2269","human 134"
"2270","human 135"
"2271","human 138"
"2272","human 137"
"2273","human 92"
"2274","human 91"
"2275","human 100"
"2276","human 16"
"2277","human 17"
"2278","human 89"
"2279","human 78"
"2280","human 77"
"2281","human 76"
"2282","human 73"
"2283","human 81"
"2284","human 149"
"2285","human 150"
"2286","human 144"
"2287","human 63"
"2288","human 67"
"2289","human 94"
"2290","human 56"
"2291","human 58"
"2292","human 52"
"2293","human 51"
"2294","human 54"
"2295","human 43"
"2296","human 42"
"2297","Peranema trichophorum"
"2298","seagull"
"2299","Tabanus"
"2300","Catharanthus roseus"
"2301","Alder"
"2302","Concentrated platelets mixture-Preservative solution"
"2303","Bombus terrestris"
"2304","Pythonidae"
"2305","Dispholidus typus"
"2306","Bothrocophias microphthalmus"
"2307","Crytelytrops albolabris"
"2308","Shinisaurus crocodilurus"
"2309","Annolis laechii"
"2310","Gonyosoma oxycephalum"
"2311","Atriplex halimus"
"2312","Pecten maximus"
"2313","high bush blueberry"
"2314","human 34"
"2315","human 31"
"2316","human 37"
"2317","human 36"
"2318","human 39"
"2319","human 3"
"2320","human 101"
"2321","human 102"
"2322","human 103"
"2323","human 107"
"2324","human 10"
"2325","human 9"
"2326","human 120"
"2327","human 119"
"2328","human 1"
"2329","human 112"
"2330","human 129"
"2331","human 130"
"2332","human 121"
"2333","human 128"
"2334","human 29"
"2335","human 30"
"2336","human 26"
"2337","human 28"
"2338","human 21"
"2339","human 22"
"2340","human 24"
"2341","human 133"
"2342","human 20"
"2343","human 74"
"2344","human 72"
"2345","human 71"
"2346","human 83"
"2347","human 85"
"2348","human 86"
"2349","human 145"
"2350","human 147"
"2351","human 69"
"2352","human 61"
"2353","human 64"
"2354","human 65"
"2355","human 66"
"2356","human 68"
"2357","human 154"
"2358","human 153"
"2359","human 55"
"2360","human 57"
"2361","human 53"
"2362","human 60"
"2363","human 47"
"2364","human 48"
"2365","human 45"
"2366","human 46"
"2367","human 44"
"2368","human 41"
"2369","human 49"
"2370","human 50"
"2371","human 116"
"2372","Mus musculus (Specific Pathogen Free)"
"2373","manure"
"2374","Iguana iguana"
"2375","Cavia"
"2376","poultry animal (variety unknown)"
"2377","Dolphin"
"2378","Vinca sp. (Periwinkle)"
"2379","Vitis vinifera L"
"2380","Polygala myrtifolia"
"2381","grapevine"
"2382","soil or insect"
"2383","Tetraodontidae"
"2384","oyster"
"2385","Domestic cat"
"2386","Petaurus norfolcensis"
"2387","Aepyprymnus rufescens"
"2388","Bettongia penicillata"
"2389","Lutra lutra"
"2390","human b"
"2391","Sorbus"
"2392","Cotoneaster"
"2393","Amelanchier"
"2394","Asian pear"
"2395","Crataegeus"
"2396","Blackberry"
"2397","ZymoBIOMICS Microbial Community Standard Strain"
"2398","Dermacentor reticulatus"
"2399","human a"
"2400","Vaccinium sp."
"2401","Melanogrammus aeglefinus"
"2402","babirusa"
"2403","Black rice"
"2404","Homosapian"
"2405","Latuca sp."
"2406","Hydrochoerus hydrochaeris"
"2407","Rhynchotechum ellipticum"
"2408","Capra"
"2409","Columba livia domestica"
"2410","Concentrated platelets mixture"
"2411","Apheresis platelet concentrate-Preservative solution"
"2412","Medicago sativa L"
"2413","Haliclonissa verrucosa"
"2414","Tamarix aphylla"
"2415","Concentrated platelets mixture -Preservative solution"
"2416","Humulus lupulus"
"2417","yogurt"
"2418","Brassica napus L."
"2419","macaque"
"2420","Lactuca serriola"
"2421","Seriola quinqueradiata"
"2422","Blasia pusilla L."
"2423","NIST Mixed Microbial RM strain"
"2424","Solea senegalensis"
"2425","Trichosurus vulpecula"
"2426","Subject 12"
"2427","Phaeoceros"
"2428","Citrus aurantiifolia"
"2429","Vespula vulgaris"
"2430","Zostera marina"
"2431","Blasia pusilla"
"2432","Mayhaw"
"2433","macaw"
"2434","lettuce"
"2435","forest musk deer"
"2436","Ceratotherium simum"
"2437","Nanger dama"
"2438","Hawthorne"
"2439","Japanese Plum"
"2440","Harpadon nehereus"
"2441","Aextoxicon punctatum"
"2442","Calystegia hederacea"
"2443","human 33"
"2444","human 38"
"2445","human 4"
"2446","human 108"
"2447","human 109"
"2448","human 118"
"2449","human 117"
"2450","human 114"
"2451","human 113"
"2452","human 87"
"2453","human 123"
"2454","human 122"
"2455","human 127"
"2456","human 126"
"2457","human 27"
"2458","human 131"
"2459","human 136"
"2460","human 88"
"2461","human 93"
"2462","human 96"
"2463","human 95"
"2464","human 98"
"2465","human 97"
"2466","human 99"
"2467","human 19"
"2468","human 12"
"2469","human 11"
"2470","human 14"
"2471","human 13"
"2472","human 15"
"2473","human 18"
"2474","human 80"
"2475","human 79"
"2476","human 75"
"2477","human 84"
"2478","human 82"
"2479","human 146"
"2480","human 148"
"2481","human 141"
"2482","human 142"
"2483","human 143"
"2484","human 70"
"2485","human 62"
"2486","human 152"
"2487","human 151"
"2488","human 59"
"2489","Hospital environment"
"2490","E.Coli"
"2491","hen"
"2492","Euplotes"
"2493","Feedlot cattle"
"2494","Psyttalia ponerophaga"
"2495","Psyttalia lounsburyi"
"2496","Amblyomma ovale"
"2497","Marmoset"
"2498","Chaetomorpha linum"
"2499","Bathymodiolus septemdierum"
"2500","Tropaeolum majus"
"2501","Gorilla gorilla gorilla"
"2502","Macaca fuscata yakui"
"2503","Potamochoerus porcus"
"2504","Dermacentor taiwanensis"
"2505","Haemaphysalis hystricis"
"2506","Haemaphysalis longicornis"
"2507","Lonchura striata var. domestica"
"2508","Sphenisciformes"
"2509","Ardeidae"
"2510","Anas platyrhynchos domesticus"
"2511","Dromaius novaehollandiae"
"2512","Sus domesticus"
"2513","homo sapiens"
"2514","Not known"
"2515","not available"
"2516","Homo Sapien"
"2517","Vaccine strain"
"2518","sus domesticus"
"2519","poultry meat"
"2520","veal"
"2521","Atheris squamigera"
"2522","Pinus pinaster"
"2523","Sus"
"2524","G.�gallus"
"2525","Bos"
"2526","Meleagris"
"2527","Gallus"
"2528","Ardea�"
"2529","H.�sapiens"
"2530","jaguar"
"2531","artificial"
"2532","Bos primigenius"
"2533","no applicable"
"2534","Odobenus rosmarus"
"2535","Bubalus"
"2536","Canis�"
"2537","no host"
"2538","Buteo"
"2539","Vulpes�"
"2540","Venerupis"
"2541","Ovis�"
"2542","Felis"
"2543","Reptilia"
"2544","Cephalopoda"
"2545","Meat"
"2546","bos taurus"
"2547","homo sapien"
"2548","not applicalble"
"2549","hospital environment"
"2550","Rabbit"
"2551","Meerkat"
"2552","Mongoose"
"2553","Pheasant"
"2554","Bat"
"2555","GuineaPig"
"2556","WildBird"
"2557","Mara"
"2558","Capybara"
"2559","Lion"
"2560","Tapir"
"2561","Porpoise"
"2562","Great Tit"
"2563","Corncrake"
"2564","Macaque"
"2565","Cloudrat"
"2566","Seal"
"2567","Homo sapien"
"2568","Free living"
"2569","Kangaroo"
"2570","Doug Langur"
"2571","German Shepherd"
"2572","Crown Pigeon"
"2573","milk"
"2574","insect larva"
"2575","not available: not collected"
"2576","Carduelis carduelis"
"2577","Mutant derived from laboratory strain"
"2578","obscured"
"2579","beetle larvae"
"2580","mammal"
"2581","not appicable"
"2582","not available: to be reported later"
"2583","mus musculus"
"2584","Phocoena phocoena"
"2585","Lagenorhynchus acutus"
"2586","Balaenoptera acutorostrata"
"2587","Seafood"
"2588","Environment feeding stuffs plant"
"2589","Vegetable"
"2590","Porcine Feed"
"2591","Reptile"
"2592","Hedgehog"
"2593","cheese"
"2594","Chicken farm"
"2595","Chincilla"
"2596","imported food"
"2597","Ruminant"
"2598","free-living"
"2599","Environment (animal-associated)"
"2600","Environment (human-associated)"
"2601","Diplodus puntazzo"
"2602","Anthyllis vulneraria subspecies carpatica"
"2603","In Vitro Derived"
"2604","Testudo hermanii hermanii"
"2605","Hospital ward environment"
"2606","In vitro experiment"
"2607","Goat, juvenile"
"2608","Bovine, juvenile"
"2609","Hu, 0-24 months"
"2610","Celebes monkey"
"2611","Porcine, juvenile"
"2612","Hu Child"
"2613","Bovine, adult"
"2614","Hu, 2-2� Yrs"
"2615","Bovine, juvenilehomo sapiens"
"2616","fowl"
"2617","Kombucha SCOBY"
"2618","Clinical"
"2619","Food/Environment"
"2620","Bursaphelenchus xylophilus"
"2621","environmental waters"
"2622","chicken offal or meat"
"2623","Dairy Farm, Water"
"2624","Dairy Farm, Bootsock"
"2625","roast duck breast"
"2626","Bootsock, Great Harwood"
"2627","Dairy Farm, Faecal"
"2628","Bootsock, Urban Park"
"2629","lamb offal or meat"
"2630","cows milk"
"2631","turkey offal or meat"
"2632","pork offal or meat"
"2633","Red meat"
"2634","marl pit"
"2635","Poultry Environment, water"
"2636","Poultry Environment, bootsock"
"2637","Poultry House, Faecal"
"2638","Poultry House, bootsock"
"2639","Poultry House, puddle"
"2640","Bootsock, Blencathra"
"2641","Duck/goose"
"2642","Poultry House, faecal"
"2643","red meat"
"2644","Environmental waters"
"2645","Meat unspecified"
"2646","Bootsock, Great Harewood"
"2647","Duck liver pate"
"2648","meat unspecified"
"2649","beef offal or meat"
"2650","Homo sampiens"
"2651","NR"
"2652","Culture"
"2653","Feline"
"2654","Cervine"
"2655","not provided"
"2656","racoon dog"
"2657","r. norvegicus"
"2658","reindeer"
"2659","Wild rat"
"2660","guinea pig"
"2661","Human isolate"
"2662","fish salmon"
"2663","Canot providedry"
"2664","White peking duck"
"2665","deer.male"
"2666","mt. water"
"2667","R. norvegicus"
"2668","pet bird"
"2669","Racoon dog"
"2670","River water"
"2671","Jack daw"
"2672","Brown hare"
"2673","Potato waste  on storage room floor"
"2674","Dirst sample from storage room floor"
"2675","Pig stool"
"2676","Korkeasaari Zoo Alpine ibex"
"2677","Carrot"
"2678","Shrew"
"2679","Kitchen bench  surface"
"2680","Xenopus laevi"
"2681","Cephalophus sp."
"2682","Cercocebus atys"
"2683","Herpestidae"
"2684","Procolobus badius"
"2685","Cercopithecus campbelli"
"2686","Colobus polycomos"
"2687","Cercopithecus petaurista"
"2688","Colobus sp."
"2689","environment sample"
"2690","environmental sample"
"2691","Pogonichthys macrolepidotus"
"2692","Salmo trutta"
"2693","mink"
"2694","Natural"
"2695","Gadus morhua"
"2696","domestic cat"
"2697","Fragaria chiloensis var. ananassa"
"2698","Fragaria sp."
"2699","Variety Figaro"
"2700","Fragaria � ananassa"
"2701","Fragaria &apos;Cambridge vigour&apos;"
"2702","Fragaria sp. Thulda."
"2703","Fragaria � ananassa Duchesne"
"2704","Fragaria cv. Polka"
"2705","Amniota"
"2706","Bulk Milk"
"2707","Fish (unknown species)"
"2708","Gallus domesticus"
"2709","Human being"
"2710","canis familiaris"
"2711","Panthera leo"
"2712","misc"
"2713","alpaca"
"2714","lamb"
"2715","Rats"
"2716","opposum"
"2717","rainbow trout"
"2718","marsupial"
"2719","mole"
"2720","marten"
"2721","badger"
"2722","Sciurius carolinensis"
"2723","Sea mammal"
"2724","Moufflon"
"2725","parakeet"
"2726","Ocellated skink"
"2727","Mueller gibbon"
"2728","Bird of Paradise"
"2729","Sambar"
"2730","palm cockatoo"
"2731","cassowary"
"2732","Pistacia vera L."
"2733","Perch"
"2734","Cynoscion nebulosus"
"2735","Piper nigrum"
"2736","Homo sapiens, freshwater"
"2737","Neotermes castaneus"
"2738","homo sapiens, soil"
"2739","rape"
"2740","(seagrass) Posidonia oceanica"
"2741","Mastotermes darwiniensis"
"2742","Medicago blancheana"
"2743","Medicago rigidula"
"2744","Medicago noeana"
"2745","Medicago polymorpha"
"2746","Medicago rotata"
"2747","Medicago falcata"
"2748","Sesbania cannabina"
"2749","Senegalia laeta"
"2750","Branta sp."
"2751","flea"
"2752","reddeer"
"2753","red deer"
"2754","Canis sp."
"2755","Equus sp."
"2756","Felis sp."
"2757","Iguana sp."
"2758","Ovis sp."
"2759","Python sp."
"2760","reptile"
"2761","snake"
"2762","Alligator mississippiensis"
"2763","human (infant)"
"2764","Epinephelus coioides"
"2765","sea otter"
"2766","turkey or chicken"
"2767","koala"
"2768","seal"
"2769","Anaxyrus terrestris"
"2770","Trachemys scripta"
"2771","Scaphiopus holbrookii"
"2772","Chelydra serpentina"
"2773","Didelphidae"
"2774","Macaca arctoides"
"2775","Pusa caspica"
"2776","Parapiptadenia rigida (Angico)"
"2777","Rhynchosia totta"
"2778","Medicago sphaerocarpos"
"2779","Aplysina aerophoba"
"2780","Ciconia nigra"
"2781","Bos taurus (cow)"
"2782","Lissodendoryx nobilis"
"2783","Anoxycalyx joubini"
"2784","Burr medic, Medicago polymorpha"
"2785","Crab"
"2786","Pinus sylvestris"
"2787","Lilium auratum"
"2788","Bos sp."
"2789","bovine BC95"
"2790","CD-1 mouse"
"2791","Casuarina glauca"
"2792","Heterorhabditis bacteriophora"
"2793","Heterorhabditis megidis"
"2794","Colletia paradoxa"
"2795","Allocasuarina verticillata"
"2796","sugarcane Q208"
"2797","salmonid fish"
"2798","Sus sp."
"2799","Meleagris sp."
"2800","Conolophus subcristatus"
"2801","Camelus sp."
"2802","hamster"
"2803","Caltha palustris"
"2804","Paeonia suffruticosa"
"2805","Inula ciliaris"
"2806","SNAKE"
"2807","gecko"
"2808","Alces alces"
"2809","Sternotherus odoratus"
"2810","Saccharum officinarum"
"2811","Elysia ornata"
"2812","Prosopis chilensis"
"2813","Melilotus messanensis"
"2814","Medicago lupulina"
"2815","Lyrodus pedicellatus"
"2816","Otholobium candicans"
"2817","Halocynthia aurantium"
"2818","Mimosa pigra"
"2819","Kennedia coccinea"
"2820","Sesbania virgata"
"2821","Plants"
"2822","Lebeckia ambigua"
"2823","Tachigali versicolor"
"2824","Medicago laciniata"
"2825","pigeons"
"2826","Vicia hirsuta"
"2827","Trifolium spumosum L. (Annual Mediterranean clovers)"
"2828","Pongamia pinnata"
"2829","Indigofera sp."
"2830","Stylosanthes viscosa"
"2831","Erythrina costaricensis"
"2832","Rhynchosia minima"
"2833","Chironomidae"
"2834","Vicia cracca"
"2835","Mimosa cordistipula"
"2836","Acmispon glaber"
"2837","Wohlfahrtia magnifica"
"2838","Phaseolus acutifolius"
"2839","Lotus corniculatus, Lotus japonicus"
"2840","Leobordea carinata"
"2841","Aporrectodea caliginosa"
"2842","Faba Bean"
"2843","M. truncatula, Medicago sativa"
"2844","Medicago arabica"
"2845","Saccharina latissima"
"2846","Strongylocentrotus intermedius"
"2847","Mimosa velloziana"
"2848","Actinidia"
"2849","Campanula"
"2850","Aster amellus"
"2851","Hosta"
"2852","Lavandula angustifolia"
"2853","Oenothera speciosa"
"2854","Nemesia"
"2855","Heliopsis helianthoides"
"2856","Veronica spicata"
"2857","Leucanthemum x superbum"
"2858","Lilium longiflorum"
"2859","Lathyrus odoratus"
"2860","Verbascum nigrum"
"2861","Bituminaria bituminosa"
"2862","Mimosa scabrella"
"2863","Trifolium nanum"
"2864","Lotus"
"2865","Heterotermes indicola"
"2866","Tephrosia purpurea"
"2867","Mimosa misera"
"2868","Trifolium ambiguum"
"2869","Lupinus"
"2870","Lupinus texensis"
"2871","Geochelone elegans"
"2872","Gekko gecko"
"2873","Aplysina aerophoba SAPs10"
"2874","Comptonia peregrina"
"2875","Tettigades auropilosa"
"2876","Elk"
"2877","Bison, Production"
"2878","Saccharum officinarum (sugarcane)"
"2879","Musa sp. (banana)"
"2880","Alnus nepalensis"
"2881","syngonium"
"2882","Philodendron"
"2883","Pongo"
"2884","Tuberculosis"
"2885","tiapia"
"2886","Oscheius sp. MCB"
"2887","Bombina orientalis"
"2888","Pelophylax nigromaculatus"
"2889","Armadillo"
"2890","Soricidae"
"2891","Opossum"
"2892","Weasel"
"2893","Ondatra zibethicus"
"2894","Leptospirosis"
"2895","Perameles nasuta"
"2896","Microtus fortis"
"2897","termite"
"2898","cotton-top tamarin"
"2899","Peromyscus leucopus (wild mouse)"
"2900","wild mouse"
"2901","marmoset"
"2902","Anopheles arabiensis"
"2903","Laridae"
"2904","Lablab purpureus"
"2905","mango"
"2906","Capsicum annuum cv. Kambi"
"2907","Capsicum annuum cv. Kurtovska kapija"
"2908","Allium ampeloprasum"
"2909","Hordeum vulgare"
"2910","Capsicum sp."
"2911","Capsicum frutescens"
"2912","Polymastia penicillus"
"2913","Trachemys scripta callirostris"
"2914","Amazona"
"2915","Portulaca oleracea Linn"
"2916","Acropora palmata"
"2917","Salix viminalis"
"2918","Draba verna"
"2919","Apis andreniformis"
"2920","Apis cerana"
"2921","Apis florea"
"2922","Apis koschevnikovi"
"2923","Apis laboriosa"
"2924","Apis nigrocincta"
"2925","Apis dorsata"
"2926","Apis nuluensis"
"2927","Melipona beecheii"
"2928","Meliponula bocandei"
"2929","Oryx leucoryx"
"2930","Phaseolus vulgaris cv. PAN 122"
"2931","Phaseolus lunatus"
"2932","Phaseolus sp."
"2933","Cucurbita pepo var. texana"
"2934","not collected"
"2935","Avena sativa"
"2936","Triticum turgidum"
"2937","Cervid"
"2938","Bobcat"
"2939","Jaguar"
"2940","Racoon"
"2941","dairy cow"
"2942","Chanos chanos"
"2943","mg1655"
"2944","Lemna trisulca"
"2945","Piaractus brachypomus"
"2946","Alnus alnobetula"
"2947","culture"
"2948","Antigone canadensis"
"2949","Equus"
"2950","crab"
"2951","Rytidosperma caespitosum"
"2952","Mice"
"2953","Persicae"
"2954","Lacertilia"
"2955","Crocodylus"
"2956","Lactuca sativa L. var. longifolia"
"2957","Enterococcus faecium"
"2958","Perdicinae"
"2959","Camel"
"2960","wild life"
"2961","Heterorhabditis"
"2962","Heterorhabditis bacteriophora HP88"
"2963","broiler breeder chicken"
"2964","Neovison vison"
"2965","Zebra"
"2966","Brugia malayi"
"2967","Vulpes sp."
"2968","Castor sp."
"2969","Aesculus hippocastanum"
"2970","Salamander"
"2971","Python"
"2972","Frog"
"2973","Toad"
"2974","Anteater"
"2975","BeardedDragon"
"2976","Bactrocera oleae"
"2977","beluga"
"2978","albatross"
"2979","moorhen"
"2980","coot"
"2981","wolf"
"2982","pelican"
"2983","cormorant"
"2984","muskox"
"2985","caribou"
"2986","moose"
"2987","sheep dip"
"2988","eagle"
"2989","squid"
"2990","Mangifera indica L"
"2991","Hippopotamus"
"2992","Coffea"
"2993","Nerium oleander"
"2994","Botryococcus braunii"
"2995","Heterotermes"
"2996","Heterotermes aureus"
"2997","Actinoplanes sp."
"2998","Broussonetia kazinoki"
"2999","Castanea crenata"
"3000","Prunus yedoensis"
"3001","Daphniphyllum teijsmannii"
"3002","Dendropanax trifidus"
"3003","Fraxinus excelsior"
"3004","Prunus cerasus"
"3005","Morella rubra"
"3006","Rhaphiolepis umbellata"
"3007","Prunus domestica"
"3008","Ulmus"
"3009","New Zealand White rabbit"
"3010","Hydractinia echinata"
"3011","tomato cultivar Hawaii 7996"
"3012","Canis lupus familiaris breed Parson Russell Terrier and Chihuahua mix"
"3013","human patient"
"3014","oysters"
"3015","Canis lupus familiaris (dog)"
"3016","Pongo (orangutan)"
"3017","Panthera pardus (leopard)"
"3018","Macaca nigra (Celebes ape)"
"3019","Giraffa camelopardalis (giraffe)"
"3020","Guinea-Pig"
"3021","Styela clava"
"3022","Solanum tuberosum (potato)"
"3023","Echinacea purpurea"
"3024","Grapevine"
"3025","Scophthalmus maximus"
"3026","turbot"
"3027","Dermacentor"
"3028","Corvus frugilegus"
"3029","Microcarbo melanoleucos"
"3030","Crotalus viridis"
"3031","Cephalophus natalensis"
"3032","Rhinoceros"
"3033","rhinoceros"
"3034","Oreotragus oreotragus"
"3035","Papio"
"3036","Equus zebra"
"3037","Sylvilagus floridanus"
"3038","Lemur catta"
"3039","Dasypus novemcinctus"
"3040","Chrysemys picta"
"3041","Eudocimus albus"
"3042","Chlamydosaurus kingii"
"3043","Sternotherus minor"
"3044","Bovis"
"3045","Personnel"
"3046","dental student nasal"
"3047","firefighter nasal"
"3048","waste water effluent"
"3049","wetland"
"3050","Isolate"
"3051","HUMAN/FOOD"
"3052","Anas platyrhynchos (mallard duck)"
"3053","Enhydra"
"3054","Rhino"
"3055","non human primate"
"3056","Pogona"
"3057","Cephalotes varians"
"3058","napier grass"
"3059","Vachellia gummifera"
"3060","Cephalotes rohweri"
"3061","Trifolium hybridum"
"3062","Trifolium pratense"
"3063","Vachellia tortilis subsp. raddiana"
"3064","Phaseolus filiformis"
"3065","Sardinella longiceps"
"3066","not relevant"
"3067","Rainbow trout (Oncorhynchus mykiss)"
"3068","American crow"
"3069","rhesus macaque"
"3070","Styela canopus"
"3071","Diatraea saccharalis"
"3072","Vavilovia formosa"
"3073","Anopheles darlingi"
"3074","Spheniscus magellanicus"
"3075","Gomphosus varius"
"3076","marmot"
"3077","Haliaeetus"
"3078","Dromogomphus spinosus"
"3079","Pachydiplax longipennis"
"3080","Corallus caninus"
"3081","urban wild bird"
"3082","Carrion crow"
"3083","Mollusc"
"3084","Mammal"
"3085","Elaeagnus"
"3086","Wildlife"
"3087","Meleagris gallopavo (turkey)"
"3088","Gallus gallus domesticus (chicken)"
"3089","Panthera uncia"
"3090","primate"
"3091","sinensis"
"3092","Sylvicapra grimmia"
"3093","Serinus canaria domestica"
"3094","Arrhenatherium elatius"
"3095","Lolium multiflorum"
"3096","quaking aspen"
"3097","Pieris"
"3098","peach/almond_rootstock"
"3099","Peach/Almond_Rootstock"
"3100","Cranberry"
"3101","rose"
"3102","primates"
"3103","Sirenia"
"3104","Pelecanus"
"3105","Oryx gazella"
"3106","Dipodomys (kangaroo rat)"
"3107","Bison bison (bison)"
"3108","Puma concolor (cougar)"
"3109","orangutan"
"3110","Menetes berdmorei"
"3111","Maxomys rajah"
"3112","Pyrodinium bahamense"
"3113","Mungos mungo"
"3114","Cauliflower"
"3115","Barberry"
"3116","Peach"
"3117","Celery"
"3118","Hydra vulgaris AEP"
"3119","Prosopis juliflora"
"3120","Sporobolus robustus"
"3121","Senegalia senegal"
"3122","clover"
"3123","Struthio camelus"
"3124","Kea sp."
"3125","Gallus gallus domesticu"
"3126","Cervus canadensis macneilli"
"3127","mandarin sika"
"3128","bactrian wapiti"
"3129","Persian gazelle"
"3130","Cephalophus"
"3131","Pseudois nayaur"
"3132","muntjac"
"3133","roe cervidae"
"3134","Bos javanicus"
"3135","Ammotragus lervia"
"3136","Budorcas taxicolor tibetana"
"3137","Cervus nippon mandarinus"
"3138","Gazella cuvieri"
"3139","moulfon"
"3140","transcaspian urial"
"3141","calamain deer"
"3142","cretan ibex"
"3143","chinese goral"
"3144","oulfon sheep"
"3145","tortoise"
"3146","okapi"
"3147","quail"
"3148","Accipitridae"
"3149","slender-horned gazella"
"3150","nubian ibex"
"3151","siberian ibex"
"3152","gerenuk"
"3153","lampine"
"3154","psittacine"
"3155","rabbit(dom)"
"3156","cockatoo"
"3157","duiker"
"3158","otter"
"3159","Mnemiopsis leidyi"
"3160","clam"
"3161","Mytilus edulis"
"3162","Jatropha curcas"
"3163","Catfish"
"3164","NC_006958"
"3165","Poa trivialis"
"3166","turfgrass"
"3167","Dasyatis americana (Southern stingray)"
"3168","Ceratophrys ornata"
"3169","I. minor"
"3170","I. persulcatus"
"3171","Dipodemys californicus"
"3172","I. ricinus"
"3173","I. ovatus"
"3174","I. scapularis"
"3175","Animalia"
"3176","Dassie"
"3177","Suricat"
"3178","Malus"
"3179","mouse-C57Bl/6J"
"3180","Ctenopharyngodon idella"
"3181","Hypophthalmichthys nobilis"
"3182","Penaeus sp."
"3183","Mus"
"3184","Polytrichum formosum"
"3185","Aegopodium sp."
"3186","Gorilla (gorilla)"
"3187","Cetacea"
"3188","food, ground beef"
"3189","food, spinach"
"3190","Mephitidae"
"3191","Phocidae"
"3192","Dasypodidae"
"3193","Chinchilla lanigera"
"3194","Clinic"
"3195","Somateria spectabilis"
"3196","Zenaida macroura"
"3197","Branta"
"3198","Seagrass"
"3199","Capra aegagrus hircus (goat)"
"3200","Panthera leo (lion)"
"3201","Psittacidae sp. (conure)"
"3202","Hippotragus niger"
"3203","Tragelaphus spekii"
"3204","Rucervus duvaucelii"
"3205","Mustelidae"
"3206","Ara ararauna"
"3207","Acromyrmex echinatior"
"3208","Coyote"
"3209","Anopheles sinensis"
"3210","Poa"
"3211","Marasmius oreades"
"3212","Actinidia sp."
"3213","Agrostis stolonifera"
"3214","Ips typographus"
"3215","Arenosclera brasiliensis"
"3216","Siphonaptera"
"3217","Dacelo novaeguineae"
"3218","Strepera graculina"
"3219","Geopelia striata"
"3220","Anthochaera carunculata"
"3221","Barnardius zonarius"
"3222","Corvus coronoides"
"3223","Gymnorhina tibicen"
"3224","Phaps chalcoptera"
"3225","Purpureicephalus spurius"
"3226","Spilopelia chinensis"
"3227","Spilopelia senegalensis"
"3228","Trichoglossus haematodus"
"3229","Sarcophilus harrisii"
"3230","Cephalophus silvicultor"
"3231","Ptilonorhynchus violaceus"
"3232","Aetobatus narinari"
"3233","Panulirus penicillatus"
"3234","Lutjanus guttatus"
"3235","Orbicella annularis"
"3236","Spinach mustard"
"3237","Pyricularia oryzae"
"3238","Cajanus cajan"
"3239","Papio anubis"
"3240","partridge"
"3241","pheasant"
"3242","Eudyptes chrysolophus"
"3243","Turdus merula"
"3244","chukar"
"3245","eggplant"
"3246","chilli pepper"
"3247","seakrait"
"3248","Cichlid"
"3249","pipefish"
"3250","seahorse"
"3251","seadragon"
"3252","python"
"3253","trumpetfish"
"3254","Escherichia coli"
"3255","Solanum tuberosum L."
"3256","ribbon fish"
"3257","Otter"
"3258","Myodes glareolus"
"3259","red tailed monkey"
"3260","south american squirrel monkey"
"3261","Parent"
"3262","Punica granatum"
"3263","Hexaprotodon liberiensis"
"3264","Linum austriacum ssp. austriacum"
"3265","Solemya elarraichensis"
"3266","Bald eagle"
"3267","round goby"
"3268","common loon"
"3269","mule deer"
"3270","Porphyrio hochstetteri"
"3271","Sarcophaga haemorrhoidalis"
"3272","Anthomyiidae sp."
"3273","Lucilia sericata"
"3274","Lucilia cuprina"
"3275","ringtail possum"
"3276","Dermacentor variabilis"
"3277","Anastrepha ludens"
"3278","dairy herd"
"3279","Laodelphax striatellus"
"3280","Hayward&apos"
"3281","Hongyang&apos"
"3282","Hort16A&apos"
"3283","Actinidia chinensis var. chinensis"
"3284","Actinidia chinensis var. deliciosa"
"3285","Jinyan&apos"
"3286","capybara"
"3287","not_collected"
"3288","Larus smithsonianus"
"3289","POSSUM"
"3290","CERVINE"
"3291","PORCINE"
"3292","STOAT"
"3293","Novymonas esmeraldas"
"3294","Stylophora pistillata"
"3295","Acropora digitifera"
"3296","Halimione portulacoides"
"3297","Sus scrofa (Tibetan pig)"
"3298","Jin Tao&apos"
"3299","Summer&apos"
"3300","in vitro passage"
"3301","Cygnus"
"3302","calanoid copepod"
"3303","mising"
"3304","not isolated"
"3305","Epinephelus fuscoguttatus"
"3306","owl"
"3307","Pseudotsuga menziesii"
"3308","monitor lizard"
"3309","Strigops habroptila"
"3310","Opuntia ficus-indica"
"3311","Nicotiana sp."
"3312","Humulus lupulus (Hops)"
"3313","Pygoscelis antarcticus"
"3314","Steinernema sacchari SB10"
"3315","Steinernema jeffreyense J194"
"3316","Steinernema sp."
"3317","Homo sapiens NCBI:9606"
"3318","Oryza alta"
"3319","Populus x canadensis"
"3320","protozoa"
"3321","Pfiesteria piscicida"
"3322","opportunistic pathogen"
"3323","iguana"
"3324","spiced vinegar"
"3325","Gallus gallus 757 NK, 90 days old"
"3326","Gallus gallus JA987 STD"
"3327","Gallus gallus M189 PM3, 33 days old"
"3328","Gallus gallus JUM77, 32 days old"
"3329","Gallus gallus JA, 37 days old"
"3330","Gallus gallus JA"
"3331","Gallus gallus JUM99, 32 days old"
"3332","Gallus gallus M199 PM3, 37 days old"
"3333","Gallus gallus JVM77, 34 days old"
"3334","Gallus gallus JVM77, 33 days old"
"3335","Gallus gallus ROSS, 38 days old"
"3336","Gallus gallus JA957, 89 days old"
"3337","Gallus gallus JA957, 37 days old"
"3338","Gallus gallus JA957, 39 days old"
"3339","Onion"
"3340","Mango"
"3341","perch"
"3342","Hirudo orientalis"
"3343","Steinernema sp. WS9"
"3344","Connochaetes gnou"
"3345","Bos primigenius indicus"
"3346","Puma concolor"
"3347","Cattle:Dairy"
"3348","Cattle:Beef"
"3349","Rastrelliger kanagurta"
"3350","Camellia sinensis cv. Tieguanyin"
"3351","Human/Culture"
"3352","Poricne"
"3353","Rhipicephalus microplus"
"3354","Pistachio"
"3355","Cyanobacterium Lyngbya cf. aestuarii"
"3356","Tetraponera penzigi"
"3357","Enviromental"
"3358","Camellia sinensis cv. Maoxie"
"3359","Proteobacteria"
"3360","BW25113"
"3361","Chauliognathus pensylvanicus"
"3362","male FVB/N mice aged 12 weeks purchased from Charles River"
"3363","Caenorhabditis elegans MY316"
"3364","Caenorhabditis elegans MY379"
"3365","Cougar"
"3366","ground beef"
"3367","Haemorhous mexicanus"
"3368","Turkey_Breeders"
"3369","Chicken_Breeders"
"3370","Turkey_Meat"
"3371","Chicken_Backyard"
"3372","Chick_Breeders"
"3373","Chicken_Breeder"
"3374","Chicken_layers"
"3375","broiler breeder"
"3376","Marmota himalayana"
"3377","Homo sapiens and Environment"
"3378","Tribolium castaneum"
"3379","Goat-Nubian"
"3380","missing&quot"
"3381","Not available"
"3382","Marmota monax"
"3383","Zapus hudsonius"
"3384","cf patient"
"3385","Ulva australis"
"3386","Culicidae"
"3387","Coleoptera"
"3388","Epinephelus lanceolatus"
"3389","Pomadasys kaakan"
"3390","Netuma thalassina"
"3391","Ellochelon vaigiensis"
"3392","Aptychotrema rostrata"
"3393","Urogymnus granulatus"
"3394","Hemitrygon fluviorum"
"3395","bacteria"
"3396","misisng"
"3397","not colllected"
"3398","black footed ferret"
"3399","Koala"
"3400","Potorous longipes"
"3401","Syrphidae"
"3402","2 days old Gallus gallus"
"3403","41 days old Gallus gallus"
"3404","7 days old Gallus gallus"
"3405","Ovis canadensis"
"3406","broth"
"3407","Eisenia fetida"
"3408","rice leaf"
"3409","Cichorium intybus L."
"3410","Earthworm"
"3411","Neoteredo reynei"
"3412","Tragelaphus oryx"
"3413","Damaliscus lunatus jimela"
"3414","Damaliscus pygargus phillipsi"
"3415","Pygathrix"
"3416","Aquatic products"
"3417","layer chicken"
"3418","Mustela nigripes"
"3419","cranberry"
"3420","Perdix perdix"
"3421","African Elephant"
"3422","Carp"
"3423","mus"
"3424","Cacatua sp."
"3425","Coryphaena hippurus"
"3426","Polypogon monspeliensis"
"3427","Lolium rigidum"
"3428","Phalaris"
"3429","Ryegrass"
"3430","sediment"
"3431","surface-sediment"
"3432","Seawater"
"3433","Ocean water"
"3434","Nycticeius humeralis"
"3435","Myotis lucifugus"
"3436","Odocoileus virginianus leucurus"
"3437","Branta canadensis leucopareia"
"3438","Quiscalus quiscula"
"3439","Lagopus leucura"
"3440","Mustela frenata"
"3441","Canis rufus"
"3442","Catherpes mexicanus"
"3443","Flammulina velutipes"
"3444","Oryza longistaminata Xa21"
"3445","Oryza sativa cv. Nipponbare"
"3446","Gossypium sp."
"3447","sea lion"
"3448","`"
"3449","Papaver somniferum"
"3450","Medicago sativa subsp. x varia"
"3451","Ibex"
"3452","Crocidura watasei"
"3453","bird (Haussperling)"
"3454","cow (Hochlandrind)"
"3455","Anopheles funestus"
"3456","Epalzeorhynchos kalopterus"
"3457","Inia geoffrensis"
"3458","Channa striata"
"3459","Scortum barcoo"
"3460","Morone saxatilis x M. chrysops"
"3461","Epalzeorhynchos bicolor"
"3462","Chromobotia macracanthus"
"3463","Epalzeothynchos frenatum"
"3464","Cerebrospinal fluid"
"3465","Catheter"
"3466","Hemoculture"
"3467","Sewage"
"3468","Cicer reticulatum"
"3469","Cicer echinospermum"
"3470","Amorpha fruticosa"
"3471","Astragalus sinicus"
"3472","Non-Animal"
"3473","Oreochromis"
"3474","Kiwifruit"
"3475","Zea nicaraguensis"
"3476","nematodes"
"3477","Urva auropunctata"
"3478","feces of C3H/HeJ mice"
"3479","n/a (parental strain)"
"3480","Gallus gallus domesticuss"
"3481","Phocarctos hookeri"
"3482","Polymastia"
"3483","Possum"
"3484","montipora"
"3485","Stercorarius antarcticus"
"3486","Megadyptes antipodes"
"3487","Penguin"
"3488","Fundulus heteroclitus"
"3489","Ovis aries aries"
"3490","Sargassum polycystum"
"3491","Acanthaphora specifera"
"3492","eastern wild turkey"
"3493","Gastrodia elata"
"3494","Kefir-14"
"3495","Delisea pulchra"
"3496","Tedania anhelans"
"3497","Megascops choliba"
"3498","Medicago orthoceras"
